seq,ts,tool,target,pass,kind,negative_test
80,2026-09-11T23:30:36Z,heads,attest.identity_events.verified,1,verify,0
81,2026-09-11T23:30:36Z,heads,attest.ledger.verified,1,verify,0
82,2026-09-11T23:30:36Z,heads,checkpoint.identity_events.signature,1,verify,0
83,2026-09-11T23:30:36Z,heads,checkpoint.ledger.signature,1,verify,0
84,2026-09-11T23:30:36Z,heads,registry-key.pinned,1,verify,0
85,2026-09-11T23:30:36Z,heads,checkpoint.identity_events.monotonic,1,verify,0
86,2026-09-11T23:30:36Z,heads,checkpoint.ledger.monotonic,1,verify,0
87,2026-09-11T23:30:36Z,heads,checkpoint.ledger.same-size-same-root,1,verify,0
88,2026-09-11T23:30:36Z,heads,attest.identity_events.monotonic,1,verify,0
89,2026-09-11T23:30:36Z,heads,attest.ledger.monotonic,1,verify,0
90,2026-09-11T23:30:36Z,heads,attest.ledger.same-id-same-head,1,verify,0
93,2026-09-11T23:30:37Z,consistency,consistency.identity_events.11900->11900.from-signature,1,verify,0
94,2026-09-11T23:30:37Z,consistency,consistency.identity_events.11900->11900.to-signature,1,verify,0
95,2026-09-11T23:30:37Z,consistency,consistency.identity_events.11900->11900.from-root-matches-ours,1,verify,0
96,2026-09-11T23:30:37Z,consistency,consistency.identity_events.11900->11900.to-root-matches-ours,1,verify,0
97,2026-09-11T23:30:37Z,consistency,consistency.identity_events.11900->11900.to-root-matches-live,1,verify,0
98,2026-09-11T23:30:37Z,consistency,consistency.identity_events.11900->11900.proof,1,verify,0
101,2026-09-11T23:30:40Z,witness,witness.2026-09-11.registry-signatures,1,verify,0
102,2026-09-11T23:30:40Z,witness,witness.2026-09-11.countersignatures,1,verify,0
103,2026-09-11T23:30:40Z,witness,witness.2026-09-11.witness-keys-in-directory,1,verify,0
104,2026-09-11T23:30:40Z,witness,witness.2026-09-11.refusals,1,verify,0
105,2026-09-11T23:30:40Z,witness,witness.2026-09-11.monotonic,1,verify,0
106,2026-09-11T23:30:40Z,witness,witness.2026-09-11.latest-vs-live,1,verify,0
107,2026-09-11T23:30:40Z,witness,witness.2026-09-11.latest-head-attest,1,verify,0
108,2026-09-11T23:30:40Z,witness,witness.2026-09-11.cadence,0,verify,0
109,2026-09-11T23:30:40Z,witness,witness.2026-09-11.outage,1,verify,0
110,2026-09-11T23:30:42Z,dossier,tally-stick.registry-signature,1,verify,0
111,2026-09-11T23:30:42Z,dossier,tally-stick.checkpoint-signature,1,verify,0
112,2026-09-11T23:30:42Z,dossier,tally-stick.inclusion,1,verify,0
113,2026-09-11T23:30:42Z,dossier,tally-stick.leaf-index,1,verify,0
114,2026-09-11T23:30:42Z,dossier,tally-stick.keys,1,verify,0
115,2026-09-11T23:30:42Z,dossier,tally-stick.event-hashes,1,verify,0
116,2026-09-11T23:30:42Z,dossier,tally-stick.seal-signatures,1,verify,0
117,2026-09-11T23:30:42Z,dossier,tally-stick.seals-anchored,1,verify,0
118,2026-09-11T23:30:42Z,dossier,tally-stick.counts,1,verify,0
119,2026-09-11T23:30:47Z,census,citizens.walk,1,verify,0
120,2026-09-11T23:30:47Z,census,citizens.stats,1,verify,0
121,2026-09-11T23:30:47Z,census,citizens.pulse,1,verify,0
122,2026-09-11T23:30:47Z,census,stats.key-surface,1,verify,0
123,2026-09-11T23:30:47Z,census,stats.posts,1,verify,0
124,2026-09-11T23:30:47Z,census,docket.counts,1,verify,0
125,2026-09-11T23:30:47Z,census,docket.content-hash,1,verify,0
126,2026-09-11T23:30:47Z,census,docket.decomposition,1,verify,0
127,2026-09-11T23:30:47Z,census,docket.acceptance,1,verify,0
128,2026-09-11T23:30:47Z,census,docket.source-graph,1,verify,0
129,2026-09-11T23:30:47Z,census,docket.source-coverage,1,verify,0
130,2026-09-11T23:30:47Z,census,provenance.shipped,1,verify,0
131,2026-09-11T23:30:57Z,treasury,ledger.chain,1,verify,0
132,2026-09-11T23:30:57Z,treasury,ledger.head-vs-attest,1,verify,0
133,2026-09-11T23:30:57Z,treasury,ledger.attest-witnessed,1,verify,0
134,2026-09-11T23:30:57Z,treasury,ledger.merkle-root,1,verify,0
135,2026-09-11T23:30:57Z,treasury,ledger.checkpoint-signature,1,verify,0
136,2026-09-11T23:30:57Z,treasury,ledger.sum,1,verify,0
137,2026-09-11T23:30:57Z,treasury,assets.complete,0,verify,0
138,2026-09-11T23:30:57Z,treasury,onchain.usdc,1,verify,0
139,2026-09-11T23:31:09Z,census,citizens.walk,1,verify,0
140,2026-09-11T23:31:09Z,census,citizens.stats,1,verify,0
141,2026-09-11T23:31:09Z,census,citizens.pulse,1,verify,0
142,2026-09-11T23:31:09Z,census,stats.key-surface,1,verify,0
143,2026-09-11T23:31:09Z,census,stats.posts,1,verify,0
144,2026-09-11T23:31:09Z,census,docket.counts,1,verify,0
145,2026-09-11T23:31:09Z,census,docket.content-hash,1,verify,0
146,2026-09-11T23:31:09Z,census,docket.decomposition,1,verify,0
147,2026-09-11T23:31:09Z,census,docket.acceptance,1,verify,0
148,2026-09-11T23:31:09Z,census,docket.source-graph,1,verify,0
149,2026-09-11T23:31:09Z,census,docket.source-coverage,1,verify,0
150,2026-09-11T23:31:09Z,census,provenance.shipped,1,verify,0
151,2026-09-11T23:31:19Z,census,citizens.walk,1,verify,0
152,2026-09-11T23:31:19Z,census,citizens.stats,1,verify,0
153,2026-09-11T23:31:19Z,census,citizens.pulse,1,verify,0
154,2026-09-11T23:31:19Z,census,stats.key-surface,1,verify,0
155,2026-09-11T23:31:19Z,census,stats.posts,1,verify,0
156,2026-09-11T23:31:19Z,census,docket.counts,1,verify,0
157,2026-09-11T23:31:19Z,census,docket.content-hash,1,verify,0
158,2026-09-11T23:31:19Z,census,docket.decomposition,1,verify,0
159,2026-09-11T23:31:19Z,census,docket.acceptance,1,verify,0
160,2026-09-11T23:31:19Z,census,docket.source-graph,1,verify,0
161,2026-09-11T23:31:19Z,census,docket.source-coverage,1,verify,0
162,2026-09-11T23:31:19Z,census,provenance.shipped,1,verify,0
163,2026-09-11T23:31:39Z,census,citizens.walk,1,verify,0
164,2026-09-11T23:31:39Z,census,citizens.stats,1,verify,0
165,2026-09-11T23:31:39Z,census,citizens.pulse,1,verify,0
166,2026-09-11T23:31:39Z,census,stats.key-surface,1,verify,0
167,2026-09-11T23:31:39Z,census,stats.posts,1,verify,0
168,2026-09-11T23:31:39Z,census,docket.counts,1,verify,0
169,2026-09-11T23:31:39Z,census,docket.content-hash,1,verify,0
170,2026-09-11T23:31:39Z,census,docket.decomposition,1,verify,0
171,2026-09-11T23:31:39Z,census,docket.acceptance,1,verify,0
172,2026-09-11T23:31:39Z,census,docket.source-graph,1,verify,0
173,2026-09-11T23:31:39Z,census,docket.source-coverage,1,verify,0
174,2026-09-11T23:31:39Z,census,provenance.shipped,1,verify,0
175,2026-09-11T23:31:39Z,census,provenance.derived,1,verify,0
176,2026-09-11T23:31:39Z,census,provenance.joined,1,verify,0
177,2026-09-11T23:31:39Z,census,provenance.delivery,1,verify,0
186,2026-09-12T01:01:43Z,heads,attest.identity_events.verified,1,verify,0
187,2026-09-12T01:01:43Z,heads,attest.ledger.verified,1,verify,0
188,2026-09-12T01:01:43Z,heads,checkpoint.identity_events.signature,1,verify,0
189,2026-09-12T01:01:43Z,heads,checkpoint.ledger.signature,1,verify,0
190,2026-09-12T01:01:43Z,heads,registry-key.pinned,1,verify,0
191,2026-09-12T01:01:43Z,heads,checkpoint.identity_events.monotonic,1,verify,0
192,2026-09-12T01:01:43Z,heads,checkpoint.ledger.monotonic,1,verify,0
193,2026-09-12T01:01:43Z,heads,checkpoint.ledger.same-size-same-root,1,verify,0
194,2026-09-12T01:01:43Z,heads,attest.identity_events.monotonic,1,verify,0
195,2026-09-12T01:01:43Z,heads,attest.ledger.monotonic,1,verify,0
196,2026-09-12T01:01:43Z,heads,attest.ledger.same-id-same-head,1,verify,0
199,2026-09-12T01:01:49Z,consistency,consistency.identity_events.11924->11924.from-signature,1,verify,0
200,2026-09-12T01:01:49Z,consistency,consistency.identity_events.11924->11924.to-signature,1,verify,0
201,2026-09-12T01:01:49Z,consistency,consistency.identity_events.11924->11924.from-root-matches-ours,1,verify,0
202,2026-09-12T01:01:49Z,consistency,consistency.identity_events.11924->11924.to-root-matches-ours,1,verify,0
203,2026-09-12T01:01:49Z,consistency,consistency.identity_events.11924->11924.to-root-matches-live,1,verify,0
204,2026-09-12T01:01:49Z,consistency,consistency.identity_events.11924->11924.proof,1,verify,0
205,2026-09-12T01:01:54Z,witness,witness.2026-09-12.registry-signatures,1,verify,0
206,2026-09-12T01:01:54Z,witness,witness.2026-09-12.countersignatures,1,verify,0
207,2026-09-12T01:01:54Z,witness,witness.2026-09-12.witness-keys-in-directory,1,verify,0
208,2026-09-12T01:01:54Z,witness,witness.2026-09-12.refusals,1,verify,0
209,2026-09-12T01:01:54Z,witness,witness.2026-09-12.monotonic,1,verify,0
210,2026-09-12T01:01:54Z,witness,witness.2026-09-12.latest-vs-live,1,verify,0
211,2026-09-12T01:01:54Z,witness,witness.2026-09-12.latest-head-attest,1,verify,0
212,2026-09-12T01:01:54Z,witness,witness.2026-09-12.cadence,1,verify,0
213,2026-09-12T01:01:54Z,witness,witness.2026-09-12.outage,1,verify,0
216,2026-09-12T01:02:02Z,dossier,tally-stick.registry-signature,1,verify,0
217,2026-09-12T01:02:02Z,dossier,tally-stick.checkpoint-signature,1,verify,0
218,2026-09-12T01:02:02Z,dossier,tally-stick.inclusion,1,verify,0
219,2026-09-12T01:02:02Z,dossier,tally-stick.leaf-index,1,verify,0
220,2026-09-12T01:02:02Z,dossier,tally-stick.keys,1,verify,0
221,2026-09-12T01:02:02Z,dossier,tally-stick.event-hashes,1,verify,0
222,2026-09-12T01:02:02Z,dossier,tally-stick.seal-signatures,1,verify,0
223,2026-09-12T01:02:02Z,dossier,tally-stick.seals-anchored,1,verify,0
224,2026-09-12T01:02:02Z,dossier,tally-stick.counts,1,verify,0
258,2026-09-12T13:00:31Z,heads,attest.identity_events.verified,1,verify,0
259,2026-09-12T13:00:31Z,heads,attest.ledger.verified,1,verify,0
260,2026-09-12T13:00:31Z,heads,checkpoint.identity_events.signature,1,verify,0
261,2026-09-12T13:00:31Z,heads,checkpoint.ledger.signature,1,verify,0
262,2026-09-12T13:00:31Z,heads,registry-key.pinned,1,verify,0
263,2026-09-12T13:00:31Z,heads,checkpoint.identity_events.monotonic,1,verify,0
264,2026-09-12T13:00:31Z,heads,checkpoint.ledger.monotonic,1,verify,0
265,2026-09-12T13:00:31Z,heads,checkpoint.ledger.same-size-same-root,1,verify,0
266,2026-09-12T13:00:31Z,heads,attest.identity_events.monotonic,1,verify,0
267,2026-09-12T13:00:31Z,heads,attest.ledger.monotonic,1,verify,0
268,2026-09-12T13:00:31Z,heads,attest.ledger.same-id-same-head,1,verify,0
271,2026-09-12T13:00:38Z,consistency,consistency.identity_events.12478->12478.from-signature,1,verify,0
272,2026-09-12T13:00:38Z,consistency,consistency.identity_events.12478->12478.to-signature,1,verify,0
273,2026-09-12T13:00:39Z,consistency,consistency.identity_events.12478->12478.from-root-matches-ours,1,verify,0
274,2026-09-12T13:00:39Z,consistency,consistency.identity_events.12478->12478.to-root-matches-ours,1,verify,0
275,2026-09-12T13:00:39Z,consistency,consistency.identity_events.12478->12478.to-root-matches-live,1,verify,0
276,2026-09-12T13:00:39Z,consistency,consistency.identity_events.12478->12478.proof,1,verify,0
277,2026-09-12T13:00:42Z,witness,witness.2026-09-12.registry-signatures,1,verify,0
278,2026-09-12T13:00:42Z,witness,witness.2026-09-12.countersignatures,1,verify,0
279,2026-09-12T13:00:42Z,witness,witness.2026-09-12.witness-keys-in-directory,1,verify,0
280,2026-09-12T13:00:42Z,witness,witness.2026-09-12.refusals,0,verify,0
281,2026-09-12T13:00:42Z,witness,witness.2026-09-12.monotonic,1,verify,0
282,2026-09-12T13:00:42Z,witness,witness.2026-09-12.latest-vs-live,1,verify,0
283,2026-09-12T13:00:42Z,witness,witness.2026-09-12.latest-head-attest,1,verify,0
284,2026-09-12T13:00:42Z,witness,witness.2026-09-12.cadence,1,verify,0
285,2026-09-12T13:00:42Z,witness,witness.2026-09-12.outage,1,verify,0
288,2026-09-12T13:00:45Z,dossier,tally-stick.registry-signature,1,verify,0
289,2026-09-12T13:00:45Z,dossier,tally-stick.checkpoint-signature,1,verify,0
290,2026-09-12T13:00:45Z,dossier,tally-stick.inclusion,1,verify,0
291,2026-09-12T13:00:45Z,dossier,tally-stick.leaf-index,1,verify,0
292,2026-09-12T13:00:45Z,dossier,tally-stick.keys,1,verify,0
293,2026-09-12T13:00:45Z,dossier,tally-stick.event-hashes,1,verify,0
294,2026-09-12T13:00:45Z,dossier,tally-stick.seal-signatures,1,verify,0
295,2026-09-12T13:00:45Z,dossier,tally-stick.seals-anchored,1,verify,0
296,2026-09-12T13:00:45Z,dossier,tally-stick.counts,1,verify,0
297,2026-09-12T13:00:55Z,witness,witness.2026-09-12.registry-signatures,1,verify,0
298,2026-09-12T13:00:55Z,witness,witness.2026-09-12.countersignatures,1,verify,0
299,2026-09-12T13:00:55Z,witness,witness.2026-09-12.witness-keys-in-directory,1,verify,0
300,2026-09-12T13:00:55Z,witness,witness.2026-09-12.refusals,0,verify,0
301,2026-09-12T13:00:55Z,witness,witness.2026-09-12.monotonic,1,verify,0
302,2026-09-12T13:00:55Z,witness,witness.2026-09-12.latest-vs-live,1,verify,0
303,2026-09-12T13:00:55Z,witness,witness.2026-09-12.latest-head-attest,1,verify,0
304,2026-09-12T13:00:55Z,witness,witness.2026-09-12.cadence,1,verify,0
305,2026-09-12T13:00:55Z,witness,witness.2026-09-12.outage,1,verify,0
321,2026-09-12T14:46:07Z,heads,attest.identity_events.verified,1,verify,0
322,2026-09-12T14:46:07Z,heads,attest.ledger.verified,1,verify,0
323,2026-09-12T14:46:07Z,heads,checkpoint.identity_events.signature,1,verify,0
324,2026-09-12T14:46:07Z,heads,checkpoint.ledger.signature,1,verify,0
325,2026-09-12T14:46:07Z,heads,registry-key.pinned,1,verify,0
326,2026-09-12T14:46:07Z,heads,checkpoint.identity_events.monotonic,1,verify,0
327,2026-09-12T14:46:07Z,heads,checkpoint.ledger.monotonic,1,verify,0
328,2026-09-12T14:46:07Z,heads,checkpoint.ledger.same-size-same-root,1,verify,0
329,2026-09-12T14:46:07Z,heads,attest.identity_events.monotonic,1,verify,0
330,2026-09-12T14:46:07Z,heads,attest.ledger.monotonic,1,verify,0
331,2026-09-12T14:46:07Z,heads,attest.ledger.same-id-same-head,1,verify,0
334,2026-09-12T14:46:12Z,consistency,consistency.identity_events.12540->12540.from-signature,1,verify,0
335,2026-09-12T14:46:12Z,consistency,consistency.identity_events.12540->12540.to-signature,1,verify,0
336,2026-09-12T14:46:12Z,consistency,consistency.identity_events.12540->12540.from-root-matches-ours,1,verify,0
337,2026-09-12T14:46:12Z,consistency,consistency.identity_events.12540->12540.to-root-matches-ours,1,verify,0
338,2026-09-12T14:46:12Z,consistency,consistency.identity_events.12540->12540.to-root-matches-live,1,verify,0
339,2026-09-12T14:46:12Z,consistency,consistency.identity_events.12540->12540.proof,1,verify,0
340,2026-09-12T14:46:15Z,witness,witness.2026-09-12.registry-signatures,1,verify,0
341,2026-09-12T14:46:15Z,witness,witness.2026-09-12.countersignatures,1,verify,0
342,2026-09-12T14:46:15Z,witness,witness.2026-09-12.witness-keys-in-directory,1,verify,0
343,2026-09-12T14:46:15Z,witness,witness.2026-09-12.refusals,0,verify,0
344,2026-09-12T14:46:15Z,witness,witness.2026-09-12.monotonic,1,verify,0
345,2026-09-12T14:46:15Z,witness,witness.2026-09-12.latest-vs-live,1,verify,0
346,2026-09-12T14:46:15Z,witness,witness.2026-09-12.latest-head-attest,1,verify,0
347,2026-09-12T14:46:15Z,witness,witness.2026-09-12.cadence,1,verify,0
348,2026-09-12T14:46:15Z,witness,witness.2026-09-12.outage,1,verify,0
351,2026-09-12T14:46:18Z,dossier,tally-stick.registry-signature,1,verify,0
352,2026-09-12T14:46:18Z,dossier,tally-stick.checkpoint-signature,1,verify,0
353,2026-09-12T14:46:18Z,dossier,tally-stick.inclusion,1,verify,0
354,2026-09-12T14:46:18Z,dossier,tally-stick.leaf-index,1,verify,0
355,2026-09-12T14:46:18Z,dossier,tally-stick.keys,1,verify,0
356,2026-09-12T14:46:18Z,dossier,tally-stick.event-hashes,1,verify,0
357,2026-09-12T14:46:18Z,dossier,tally-stick.seal-signatures,1,verify,0
358,2026-09-12T14:46:18Z,dossier,tally-stick.seals-anchored,1,verify,0
359,2026-09-12T14:46:18Z,dossier,tally-stick.counts,1,verify,0
385,2026-09-12T16:06:41Z,nulls,nulls id:600..144553,1,verify,0
398,2026-09-12T16:48:26Z,heads,attest.identity_events.verified,1,verify,0
399,2026-09-12T16:48:26Z,heads,attest.ledger.verified,1,verify,0
400,2026-09-12T16:48:26Z,heads,checkpoint.identity_events.signature,1,verify,0
401,2026-09-12T16:48:26Z,heads,checkpoint.ledger.signature,1,verify,0
402,2026-09-12T16:48:26Z,heads,registry-key.pinned,1,verify,0
403,2026-09-12T16:48:26Z,heads,checkpoint.identity_events.monotonic,1,verify,0
404,2026-09-12T16:48:26Z,heads,checkpoint.ledger.monotonic,1,verify,0
405,2026-09-12T16:48:26Z,heads,checkpoint.ledger.same-size-same-root,1,verify,0
406,2026-09-12T16:48:26Z,heads,attest.identity_events.monotonic,1,verify,0
407,2026-09-12T16:48:26Z,heads,attest.ledger.monotonic,1,verify,0
408,2026-09-12T16:48:26Z,heads,attest.ledger.same-id-same-head,1,verify,0
411,2026-09-12T16:48:30Z,consistency,consistency.identity_events.12740->12740.from-signature,1,verify,0
412,2026-09-12T16:48:30Z,consistency,consistency.identity_events.12740->12740.to-signature,1,verify,0
413,2026-09-12T16:48:30Z,consistency,consistency.identity_events.12740->12740.from-root-matches-ours,1,verify,0
414,2026-09-12T16:48:30Z,consistency,consistency.identity_events.12740->12740.to-root-matches-ours,1,verify,0
415,2026-09-12T16:48:30Z,consistency,consistency.identity_events.12740->12740.to-root-matches-live,1,verify,0
416,2026-09-12T16:48:30Z,consistency,consistency.identity_events.12740->12740.proof,1,verify,0
417,2026-09-12T16:48:33Z,witness,witness.2026-09-12.registry-signatures,1,verify,0
418,2026-09-12T16:48:33Z,witness,witness.2026-09-12.countersignatures,1,verify,0
419,2026-09-12T16:48:33Z,witness,witness.2026-09-12.witness-keys-in-directory,1,verify,0
420,2026-09-12T16:48:33Z,witness,witness.2026-09-12.refusals,0,verify,0
421,2026-09-12T16:48:33Z,witness,witness.2026-09-12.monotonic,1,verify,0
422,2026-09-12T16:48:33Z,witness,witness.2026-09-12.latest-vs-live,1,verify,0
423,2026-09-12T16:48:33Z,witness,witness.2026-09-12.latest-head-attest,1,verify,0
424,2026-09-12T16:48:33Z,witness,witness.2026-09-12.cadence,1,verify,0
425,2026-09-12T16:48:33Z,witness,witness.2026-09-12.outage,1,verify,0
428,2026-09-12T16:48:36Z,dossier,tally-stick.registry-signature,1,verify,0
429,2026-09-12T16:48:36Z,dossier,tally-stick.checkpoint-signature,1,verify,0
430,2026-09-12T16:48:36Z,dossier,tally-stick.inclusion,1,verify,0
431,2026-09-12T16:48:36Z,dossier,tally-stick.leaf-index,1,verify,0
432,2026-09-12T16:48:36Z,dossier,tally-stick.keys,1,verify,0
433,2026-09-12T16:48:36Z,dossier,tally-stick.event-hashes,1,verify,0
434,2026-09-12T16:48:36Z,dossier,tally-stick.seal-signatures,1,verify,0
435,2026-09-12T16:48:36Z,dossier,tally-stick.seals-anchored,1,verify,0
436,2026-09-12T16:48:36Z,dossier,tally-stick.counts,1,verify,0
437,2026-09-12T16:48:46Z,witness,witness.2026-09-12.registry-signatures,1,verify,0
438,2026-09-12T16:48:46Z,witness,witness.2026-09-12.countersignatures,1,verify,0
439,2026-09-12T16:48:46Z,witness,witness.2026-09-12.witness-keys-in-directory,1,verify,0
440,2026-09-12T16:48:46Z,witness,witness.2026-09-12.refusals,0,verify,0
441,2026-09-12T16:48:46Z,witness,witness.2026-09-12.monotonic,1,verify,0
442,2026-09-12T16:48:46Z,witness,witness.2026-09-12.latest-vs-live,1,verify,0
443,2026-09-12T16:48:46Z,witness,witness.2026-09-12.latest-head-attest,1,verify,0
444,2026-09-12T16:48:46Z,witness,witness.2026-09-12.cadence,1,verify,0
445,2026-09-12T16:48:46Z,witness,witness.2026-09-12.outage,1,verify,0
447,2026-09-12T16:52:56Z,nulls,note #386 second claim: zero refusals on POST /api/seal,0,verify,0
470,2026-09-12T18:45:49Z,heads,attest.identity_events.verified,1,verify,0
471,2026-09-12T18:45:49Z,heads,attest.ledger.verified,1,verify,0
472,2026-09-12T18:45:49Z,heads,checkpoint.identity_events.signature,1,verify,0
473,2026-09-12T18:45:49Z,heads,checkpoint.ledger.signature,1,verify,0
474,2026-09-12T18:45:49Z,heads,registry-key.pinned,1,verify,0
475,2026-09-12T18:45:49Z,heads,checkpoint.identity_events.monotonic,1,verify,0
476,2026-09-12T18:45:49Z,heads,checkpoint.ledger.monotonic,1,verify,0
477,2026-09-12T18:45:50Z,heads,checkpoint.ledger.same-size-same-root,1,verify,0
478,2026-09-12T18:45:50Z,heads,attest.identity_events.monotonic,1,verify,0
479,2026-09-12T18:45:50Z,heads,attest.ledger.monotonic,1,verify,0
480,2026-09-12T18:45:50Z,heads,attest.ledger.same-id-same-head,1,verify,0
483,2026-09-12T18:45:54Z,heads,attest.identity_events.verified,1,verify,0
484,2026-09-12T18:45:54Z,heads,attest.ledger.verified,1,verify,0
485,2026-09-12T18:45:54Z,heads,checkpoint.identity_events.signature,1,verify,0
486,2026-09-12T18:45:54Z,heads,checkpoint.ledger.signature,1,verify,0
487,2026-09-12T18:45:54Z,heads,registry-key.pinned,1,verify,0
488,2026-09-12T18:45:54Z,heads,checkpoint.identity_events.monotonic,1,verify,0
489,2026-09-12T18:45:54Z,heads,checkpoint.identity_events.same-size-same-root,1,verify,0
490,2026-09-12T18:45:54Z,heads,checkpoint.ledger.monotonic,1,verify,0
491,2026-09-12T18:45:54Z,heads,checkpoint.ledger.same-size-same-root,1,verify,0
492,2026-09-12T18:45:54Z,heads,attest.identity_events.monotonic,1,verify,0
493,2026-09-12T18:45:54Z,heads,attest.identity_events.same-id-same-head,1,verify,0
494,2026-09-12T18:45:54Z,heads,attest.ledger.monotonic,1,verify,0
495,2026-09-12T18:45:54Z,heads,attest.ledger.same-id-same-head,1,verify,0
498,2026-09-12T18:46:03Z,consistency,consistency.identity_events.12846->12846.from-signature,1,verify,0
499,2026-09-12T18:46:03Z,consistency,consistency.identity_events.12846->12846.to-signature,1,verify,0
500,2026-09-12T18:46:03Z,consistency,consistency.identity_events.12846->12846.from-root-matches-ours,1,verify,0
501,2026-09-12T18:46:03Z,consistency,consistency.identity_events.12846->12846.to-root-matches-ours,1,verify,0
502,2026-09-12T18:46:03Z,consistency,consistency.identity_events.12846->12846.to-root-matches-live,1,verify,0
503,2026-09-12T18:46:03Z,consistency,consistency.identity_events.12846->12846.proof,1,verify,0
504,2026-09-12T18:46:06Z,witness,witness.2026-09-12.registry-signatures,1,verify,0
505,2026-09-12T18:46:06Z,witness,witness.2026-09-12.countersignatures,1,verify,0
506,2026-09-12T18:46:06Z,witness,witness.2026-09-12.witness-keys-in-directory,1,verify,0
507,2026-09-12T18:46:06Z,witness,witness.2026-09-12.refusals,0,verify,0
508,2026-09-12T18:46:06Z,witness,witness.2026-09-12.monotonic,1,verify,0
509,2026-09-12T18:46:06Z,witness,witness.2026-09-12.latest-vs-live,1,verify,0
510,2026-09-12T18:46:06Z,witness,witness.2026-09-12.latest-head-attest,1,verify,0
511,2026-09-12T18:46:06Z,witness,witness.2026-09-12.cadence,1,verify,0
512,2026-09-12T18:46:06Z,witness,witness.2026-09-12.outage,1,verify,0
515,2026-09-12T18:46:08Z,dossier,tally-stick.registry-signature,1,verify,0
516,2026-09-12T18:46:08Z,dossier,tally-stick.checkpoint-signature,1,verify,0
517,2026-09-12T18:46:08Z,dossier,tally-stick.inclusion,1,verify,0
518,2026-09-12T18:46:08Z,dossier,tally-stick.leaf-index,1,verify,0
519,2026-09-12T18:46:08Z,dossier,tally-stick.keys,1,verify,0
520,2026-09-12T18:46:08Z,dossier,tally-stick.event-hashes,1,verify,0
521,2026-09-12T18:46:08Z,dossier,tally-stick.seal-signatures,1,verify,0
522,2026-09-12T18:46:08Z,dossier,tally-stick.seals-anchored,1,verify,0
523,2026-09-12T18:46:08Z,dossier,tally-stick.counts,1,verify,0
525,2026-09-12T18:52:13Z,source-read,POST /api/me/ack structured up_to binding,1,verify,0
558,2026-09-12T19:35:11Z,heads,attest.identity_events.verified,1,verify,0
559,2026-09-12T19:35:11Z,heads,attest.ledger.verified,1,verify,0
560,2026-09-12T19:35:11Z,heads,checkpoint.identity_events.signature,1,verify,0
561,2026-09-12T19:35:11Z,heads,checkpoint.ledger.signature,1,verify,0
562,2026-09-12T19:35:11Z,heads,registry-key.pinned,1,verify,0
563,2026-09-12T19:35:11Z,heads,checkpoint.identity_events.monotonic,1,verify,0
564,2026-09-12T19:35:11Z,heads,checkpoint.ledger.monotonic,1,verify,0
565,2026-09-12T19:35:11Z,heads,checkpoint.ledger.same-size-same-root,1,verify,0
566,2026-09-12T19:35:11Z,heads,attest.identity_events.monotonic,1,verify,0
567,2026-09-12T19:35:11Z,heads,attest.ledger.monotonic,1,verify,0
568,2026-09-12T19:35:11Z,heads,attest.ledger.same-id-same-head,1,verify,0
571,2026-09-12T19:35:13Z,consistency,consistency.identity_events.12911->12911.from-signature,1,verify,0
572,2026-09-12T19:35:13Z,consistency,consistency.identity_events.12911->12911.to-signature,1,verify,0
573,2026-09-12T19:35:13Z,consistency,consistency.identity_events.12911->12911.from-root-matches-ours,1,verify,0
574,2026-09-12T19:35:13Z,consistency,consistency.identity_events.12911->12911.to-root-matches-ours,1,verify,0
575,2026-09-12T19:35:13Z,consistency,consistency.identity_events.12911->12911.to-root-matches-live,1,verify,0
576,2026-09-12T19:35:13Z,consistency,consistency.identity_events.12911->12911.proof,1,verify,0
577,2026-09-12T19:35:16Z,witness,witness.2026-09-12.registry-signatures,1,verify,0
578,2026-09-12T19:35:16Z,witness,witness.2026-09-12.countersignatures,1,verify,0
579,2026-09-12T19:35:16Z,witness,witness.2026-09-12.witness-keys-in-directory,1,verify,0
580,2026-09-12T19:35:16Z,witness,witness.2026-09-12.refusals,0,verify,0
581,2026-09-12T19:35:16Z,witness,witness.2026-09-12.monotonic,1,verify,0
582,2026-09-12T19:35:16Z,witness,witness.2026-09-12.latest-vs-live,1,verify,0
583,2026-09-12T19:35:16Z,witness,witness.2026-09-12.latest-head-attest,1,verify,0
584,2026-09-12T19:35:16Z,witness,witness.2026-09-12.cadence,1,verify,0
585,2026-09-12T19:35:16Z,witness,witness.2026-09-12.outage,1,verify,0
588,2026-09-12T19:35:20Z,dossier,tally-stick.registry-signature,1,verify,0
589,2026-09-12T19:35:20Z,dossier,tally-stick.checkpoint-signature,1,verify,0
590,2026-09-12T19:35:20Z,dossier,tally-stick.inclusion,1,verify,0
591,2026-09-12T19:35:20Z,dossier,tally-stick.leaf-index,1,verify,0
592,2026-09-12T19:35:20Z,dossier,tally-stick.keys,1,verify,0
593,2026-09-12T19:35:20Z,dossier,tally-stick.event-hashes,1,verify,0
594,2026-09-12T19:35:20Z,dossier,tally-stick.seal-signatures,1,verify,0
595,2026-09-12T19:35:20Z,dossier,tally-stick.seals-anchored,1,verify,0
596,2026-09-12T19:35:20Z,dossier,tally-stick.counts,1,verify,0
614,2026-09-12T20:45:07Z,heads,attest.identity_events.verified,1,verify,0
615,2026-09-12T20:45:07Z,heads,attest.ledger.verified,1,verify,0
616,2026-09-12T20:45:07Z,heads,checkpoint.identity_events.signature,1,verify,0
617,2026-09-12T20:45:07Z,heads,checkpoint.ledger.signature,1,verify,0
618,2026-09-12T20:45:07Z,heads,registry-key.pinned,1,verify,0
619,2026-09-12T20:45:07Z,heads,checkpoint.identity_events.monotonic,1,verify,0
620,2026-09-12T20:45:07Z,heads,checkpoint.ledger.monotonic,1,verify,0
621,2026-09-12T20:45:07Z,heads,checkpoint.ledger.same-size-same-root,1,verify,0
622,2026-09-12T20:45:07Z,heads,attest.identity_events.monotonic,1,verify,0
623,2026-09-12T20:45:07Z,heads,attest.ledger.monotonic,1,verify,0
624,2026-09-12T20:45:07Z,heads,attest.ledger.same-id-same-head,1,verify,0
627,2026-09-12T20:45:08Z,consistency,consistency.identity_events.12930->12930.from-signature,1,verify,0
628,2026-09-12T20:45:08Z,consistency,consistency.identity_events.12930->12930.to-signature,1,verify,0
629,2026-09-12T20:45:08Z,consistency,consistency.identity_events.12930->12930.from-root-matches-ours,1,verify,0
630,2026-09-12T20:45:08Z,consistency,consistency.identity_events.12930->12930.to-root-matches-ours,1,verify,0
631,2026-09-12T20:45:08Z,consistency,consistency.identity_events.12930->12930.to-root-matches-live,1,verify,0
632,2026-09-12T20:45:08Z,consistency,consistency.identity_events.12930->12930.proof,1,verify,0
633,2026-09-12T20:45:11Z,witness,witness.2026-09-12.registry-signatures,1,verify,0
634,2026-09-12T20:45:11Z,witness,witness.2026-09-12.countersignatures,1,verify,0
635,2026-09-12T20:45:11Z,witness,witness.2026-09-12.witness-keys-in-directory,1,verify,0
636,2026-09-12T20:45:11Z,witness,witness.2026-09-12.refusals,0,verify,0
637,2026-09-12T20:45:11Z,witness,witness.2026-09-12.monotonic,1,verify,0
638,2026-09-12T20:45:11Z,witness,witness.2026-09-12.latest-vs-live,1,verify,0
639,2026-09-12T20:45:11Z,witness,witness.2026-09-12.latest-head-attest,1,verify,0
640,2026-09-12T20:45:11Z,witness,witness.2026-09-12.cadence,1,verify,0
641,2026-09-12T20:45:11Z,witness,witness.2026-09-12.outage,1,verify,0
644,2026-09-12T20:45:15Z,dossier,tally-stick.registry-signature,1,verify,0
645,2026-09-12T20:45:15Z,dossier,tally-stick.checkpoint-signature,1,verify,0
646,2026-09-12T20:45:15Z,dossier,tally-stick.inclusion,1,verify,0
647,2026-09-12T20:45:15Z,dossier,tally-stick.leaf-index,1,verify,0
648,2026-09-12T20:45:15Z,dossier,tally-stick.keys,1,verify,0
649,2026-09-12T20:45:15Z,dossier,tally-stick.event-hashes,1,verify,0
650,2026-09-12T20:45:15Z,dossier,tally-stick.seal-signatures,1,verify,0
651,2026-09-12T20:45:15Z,dossier,tally-stick.seals-anchored,1,verify,0
652,2026-09-12T20:45:15Z,dossier,tally-stick.counts,1,verify,0
688,2026-09-12T21:12:58Z,heads,attest.identity_events.verified,1,verify,0
689,2026-09-12T21:12:58Z,heads,attest.ledger.verified,1,verify,0
690,2026-09-12T21:12:58Z,heads,checkpoint.identity_events.signature,1,verify,0
691,2026-09-12T21:12:58Z,heads,checkpoint.ledger.signature,1,verify,0
692,2026-09-12T21:12:58Z,heads,registry-key.pinned,1,verify,0
693,2026-09-12T21:12:58Z,heads,checkpoint.identity_events.monotonic,1,verify,0
694,2026-09-12T21:12:58Z,heads,checkpoint.ledger.monotonic,1,verify,0
695,2026-09-12T21:12:58Z,heads,checkpoint.ledger.same-size-same-root,1,verify,0
696,2026-09-12T21:12:58Z,heads,attest.identity_events.monotonic,1,verify,0
697,2026-09-12T21:12:58Z,heads,attest.ledger.monotonic,1,verify,0
698,2026-09-12T21:12:58Z,heads,attest.ledger.same-id-same-head,1,verify,0
701,2026-09-12T21:12:59Z,consistency,consistency.identity_events.12935->12935.from-signature,1,verify,0
702,2026-09-12T21:12:59Z,consistency,consistency.identity_events.12935->12935.to-signature,1,verify,0
703,2026-09-12T21:12:59Z,consistency,consistency.identity_events.12935->12935.from-root-matches-ours,1,verify,0
704,2026-09-12T21:13:00Z,consistency,consistency.identity_events.12935->12935.to-root-matches-ours,1,verify,0
705,2026-09-12T21:13:00Z,consistency,consistency.identity_events.12935->12935.to-root-matches-live,1,verify,0
706,2026-09-12T21:13:00Z,consistency,consistency.identity_events.12935->12935.proof,1,verify,0
707,2026-09-12T21:13:02Z,witness,witness.2026-09-12.registry-signatures,1,verify,0
708,2026-09-12T21:13:02Z,witness,witness.2026-09-12.countersignatures,1,verify,0
709,2026-09-12T21:13:02Z,witness,witness.2026-09-12.witness-keys-in-directory,1,verify,0
710,2026-09-12T21:13:02Z,witness,witness.2026-09-12.refusals,0,verify,0
711,2026-09-12T21:13:02Z,witness,witness.2026-09-12.monotonic,1,verify,0
712,2026-09-12T21:13:02Z,witness,witness.2026-09-12.latest-vs-live,1,verify,0
713,2026-09-12T21:13:02Z,witness,witness.2026-09-12.latest-head-attest,1,verify,0
714,2026-09-12T21:13:02Z,witness,witness.2026-09-12.cadence,1,verify,0
715,2026-09-12T21:13:02Z,witness,witness.2026-09-12.outage,1,verify,0
718,2026-09-12T21:13:06Z,dossier,tally-stick.registry-signature,1,verify,0
719,2026-09-12T21:13:06Z,dossier,tally-stick.checkpoint-signature,1,verify,0
720,2026-09-12T21:13:06Z,dossier,tally-stick.inclusion,1,verify,0
721,2026-09-12T21:13:06Z,dossier,tally-stick.leaf-index,1,verify,0
722,2026-09-12T21:13:06Z,dossier,tally-stick.keys,1,verify,0
723,2026-09-12T21:13:06Z,dossier,tally-stick.event-hashes,1,verify,0
724,2026-09-12T21:13:06Z,dossier,tally-stick.seal-signatures,1,verify,0
725,2026-09-12T21:13:06Z,dossier,tally-stick.seals-anchored,1,verify,0
726,2026-09-12T21:13:06Z,dossier,tally-stick.counts,1,verify,0
733,2026-09-12T21:15:09Z,witness,witness.2026-09-12.lag-pairing,1,verify,0
742,2026-09-12T21:24:18Z,pr-jq,witness.yml.lag-pairing.v4-program,1,gate,0
781,2026-09-12T23:15:09Z,heads,attest.identity_events.verified,1,verify,0
782,2026-09-12T23:15:09Z,heads,attest.ledger.verified,1,verify,0
783,2026-09-12T23:15:09Z,heads,checkpoint.identity_events.signature,1,verify,0
784,2026-09-12T23:15:09Z,heads,checkpoint.ledger.signature,1,verify,0
785,2026-09-12T23:15:09Z,heads,registry-key.pinned,1,verify,0
786,2026-09-12T23:15:09Z,heads,checkpoint.identity_events.monotonic,1,verify,0
787,2026-09-12T23:15:09Z,heads,checkpoint.ledger.monotonic,1,verify,0
788,2026-09-12T23:15:09Z,heads,checkpoint.ledger.same-size-same-root,1,verify,0
789,2026-09-12T23:15:09Z,heads,attest.identity_events.monotonic,1,verify,0
790,2026-09-12T23:15:09Z,heads,attest.ledger.monotonic,1,verify,0
791,2026-09-12T23:15:09Z,heads,attest.ledger.same-id-same-head,1,verify,0
794,2026-09-12T23:15:10Z,consistency,consistency.identity_events.12960->12960.from-signature,1,verify,0
795,2026-09-12T23:15:10Z,consistency,consistency.identity_events.12960->12960.to-signature,1,verify,0
796,2026-09-12T23:15:10Z,consistency,consistency.identity_events.12960->12960.from-root-matches-ours,1,verify,0
797,2026-09-12T23:15:10Z,consistency,consistency.identity_events.12960->12960.to-root-matches-ours,1,verify,0
798,2026-09-12T23:15:10Z,consistency,consistency.identity_events.12960->12960.to-root-matches-live,1,verify,0
799,2026-09-12T23:15:10Z,consistency,consistency.identity_events.12960->12960.proof,1,verify,0
800,2026-09-12T23:15:13Z,witness,witness.2026-09-12.registry-signatures,1,verify,0
801,2026-09-12T23:15:13Z,witness,witness.2026-09-12.countersignatures,1,verify,0
802,2026-09-12T23:15:13Z,witness,witness.2026-09-12.witness-keys-in-directory,1,verify,0
803,2026-09-12T23:15:13Z,witness,witness.2026-09-12.refusals,0,verify,0
804,2026-09-12T23:15:13Z,witness,witness.2026-09-12.monotonic,1,verify,0
805,2026-09-12T23:15:13Z,witness,witness.2026-09-12.latest-vs-live,1,verify,0
806,2026-09-12T23:15:13Z,witness,witness.2026-09-12.latest-head-attest,1,verify,0
807,2026-09-12T23:15:13Z,witness,witness.2026-09-12.cadence,1,verify,0
808,2026-09-12T23:15:13Z,witness,witness.2026-09-12.outage,1,verify,0
811,2026-09-12T23:15:16Z,dossier,tally-stick.registry-signature,1,verify,0
812,2026-09-12T23:15:16Z,dossier,tally-stick.checkpoint-signature,1,verify,0
813,2026-09-12T23:15:16Z,dossier,tally-stick.inclusion,1,verify,0
814,2026-09-12T23:15:16Z,dossier,tally-stick.leaf-index,1,verify,0
815,2026-09-12T23:15:16Z,dossier,tally-stick.keys,1,verify,0
816,2026-09-12T23:15:16Z,dossier,tally-stick.event-hashes,1,verify,0
817,2026-09-12T23:15:16Z,dossier,tally-stick.seal-signatures,1,verify,0
818,2026-09-12T23:15:16Z,dossier,tally-stick.seals-anchored,1,verify,0
819,2026-09-12T23:15:16Z,dossier,tally-stick.counts,1,verify,0
835,2026-09-12T23:29:09Z,board.py get (anchored attest read),fix/witness-attest-page-bound.anchored-read-specimen,1,verify,0
845,2026-09-13T01:00:09Z,heads,attest.identity_events.verified,1,verify,0
846,2026-09-13T01:00:09Z,heads,attest.ledger.verified,1,verify,0
847,2026-09-13T01:00:09Z,heads,checkpoint.identity_events.signature,1,verify,0
848,2026-09-13T01:00:09Z,heads,checkpoint.ledger.signature,1,verify,0
849,2026-09-13T01:00:09Z,heads,registry-key.pinned,1,verify,0
850,2026-09-13T01:00:09Z,heads,checkpoint.identity_events.monotonic,1,verify,0
851,2026-09-13T01:00:09Z,heads,checkpoint.ledger.monotonic,1,verify,0
852,2026-09-13T01:00:09Z,heads,checkpoint.ledger.same-size-same-root,1,verify,0
853,2026-09-13T01:00:09Z,heads,attest.identity_events.monotonic,1,verify,0
854,2026-09-13T01:00:09Z,heads,attest.ledger.monotonic,1,verify,0
855,2026-09-13T01:00:09Z,heads,attest.ledger.same-id-same-head,1,verify,0
858,2026-09-13T01:00:10Z,consistency,consistency.identity_events.13000->13000.from-signature,1,verify,0
859,2026-09-13T01:00:10Z,consistency,consistency.identity_events.13000->13000.to-signature,1,verify,0
860,2026-09-13T01:00:10Z,consistency,consistency.identity_events.13000->13000.from-root-matches-ours,1,verify,0
861,2026-09-13T01:00:10Z,consistency,consistency.identity_events.13000->13000.to-root-matches-ours,1,verify,0
862,2026-09-13T01:00:10Z,consistency,consistency.identity_events.13000->13000.to-root-matches-live,1,verify,0
863,2026-09-13T01:00:10Z,consistency,consistency.identity_events.13000->13000.proof,1,verify,0
864,2026-09-13T01:00:13Z,witness,witness.2026-09-13.registry-signatures,1,verify,0
865,2026-09-13T01:00:13Z,witness,witness.2026-09-13.countersignatures,1,verify,0
866,2026-09-13T01:00:13Z,witness,witness.2026-09-13.witness-keys-in-directory,1,verify,0
867,2026-09-13T01:00:13Z,witness,witness.2026-09-13.refusals,1,verify,0
868,2026-09-13T01:00:13Z,witness,witness.2026-09-13.monotonic,1,verify,0
869,2026-09-13T01:00:13Z,witness,witness.2026-09-13.latest-vs-live,1,verify,0
870,2026-09-13T01:00:13Z,witness,witness.2026-09-13.latest-head-attest,1,verify,0
871,2026-09-13T01:00:13Z,witness,witness.2026-09-13.cadence,1,verify,0
872,2026-09-13T01:00:13Z,witness,witness.2026-09-13.outage,1,verify,0
875,2026-09-13T01:00:17Z,dossier,tally-stick.registry-signature,1,verify,0
876,2026-09-13T01:00:17Z,dossier,tally-stick.checkpoint-signature,1,verify,0
877,2026-09-13T01:00:17Z,dossier,tally-stick.inclusion,1,verify,0
878,2026-09-13T01:00:17Z,dossier,tally-stick.leaf-index,1,verify,0
879,2026-09-13T01:00:17Z,dossier,tally-stick.keys,1,verify,0
880,2026-09-13T01:00:17Z,dossier,tally-stick.event-hashes,1,verify,0
881,2026-09-13T01:00:17Z,dossier,tally-stick.seal-signatures,1,verify,0
882,2026-09-13T01:00:17Z,dossier,tally-stick.seals-anchored,1,verify,0
883,2026-09-13T01:00:17Z,dossier,tally-stick.counts,1,verify,0
897,2026-09-13T01:09:31Z,heads,attest.identity_events.verified,1,verify,0
898,2026-09-13T01:09:31Z,heads,attest.ledger.verified,1,verify,0
899,2026-09-13T01:09:31Z,heads,checkpoint.identity_events.signature,1,verify,0
900,2026-09-13T01:09:31Z,heads,checkpoint.ledger.signature,1,verify,0
901,2026-09-13T01:09:31Z,heads,registry-key.pinned,1,verify,0
902,2026-09-13T01:09:31Z,heads,checkpoint.identity_events.monotonic,1,verify,0
903,2026-09-13T01:09:31Z,heads,checkpoint.ledger.monotonic,1,verify,0
904,2026-09-13T01:09:31Z,heads,checkpoint.ledger.same-size-same-root,1,verify,0
905,2026-09-13T01:09:31Z,heads,attest.identity_events.monotonic,1,verify,0
906,2026-09-13T01:09:31Z,heads,attest.ledger.monotonic,1,verify,0
907,2026-09-13T01:09:31Z,heads,attest.ledger.same-id-same-head,1,verify,0
910,2026-09-13T01:09:32Z,consistency,consistency.identity_events.13004->13004.from-signature,1,verify,0
911,2026-09-13T01:09:32Z,consistency,consistency.identity_events.13004->13004.to-signature,1,verify,0
912,2026-09-13T01:09:32Z,consistency,consistency.identity_events.13004->13004.from-root-matches-ours,1,verify,0
913,2026-09-13T01:09:32Z,consistency,consistency.identity_events.13004->13004.to-root-matches-ours,1,verify,0
914,2026-09-13T01:09:32Z,consistency,consistency.identity_events.13004->13004.to-root-matches-live,1,verify,0
915,2026-09-13T01:09:32Z,consistency,consistency.identity_events.13004->13004.proof,1,verify,0
916,2026-09-13T01:09:34Z,witness,witness.2026-09-13.registry-signatures,1,verify,0
917,2026-09-13T01:09:34Z,witness,witness.2026-09-13.countersignatures,1,verify,0
918,2026-09-13T01:09:34Z,witness,witness.2026-09-13.witness-keys-in-directory,1,verify,0
919,2026-09-13T01:09:34Z,witness,witness.2026-09-13.refusals,1,verify,0
920,2026-09-13T01:09:34Z,witness,witness.2026-09-13.monotonic,1,verify,0
921,2026-09-13T01:09:34Z,witness,witness.2026-09-13.latest-vs-live,1,verify,0
922,2026-09-13T01:09:34Z,witness,witness.2026-09-13.latest-head-attest,1,verify,0
923,2026-09-13T01:09:34Z,witness,witness.2026-09-13.cadence,1,verify,0
924,2026-09-13T01:09:34Z,witness,witness.2026-09-13.outage,1,verify,0
927,2026-09-13T01:09:38Z,dossier,tally-stick.registry-signature,1,verify,0
928,2026-09-13T01:09:38Z,dossier,tally-stick.checkpoint-signature,1,verify,0
929,2026-09-13T01:09:38Z,dossier,tally-stick.inclusion,1,verify,0
930,2026-09-13T01:09:38Z,dossier,tally-stick.leaf-index,1,verify,0
931,2026-09-13T01:09:38Z,dossier,tally-stick.keys,1,verify,0
932,2026-09-13T01:09:38Z,dossier,tally-stick.event-hashes,1,verify,0
933,2026-09-13T01:09:38Z,dossier,tally-stick.seal-signatures,1,verify,0
934,2026-09-13T01:09:38Z,dossier,tally-stick.seals-anchored,1,verify,0
935,2026-09-13T01:09:38Z,dossier,tally-stick.counts,1,verify,0
947,2026-09-13T01:20:01Z,board.py get (anchored attest read),fix/witness-attest-page-bound.anchored-read-specimen-2,1,verify,0
959,2026-09-13T01:23:43Z,witness,witness.2026-09-12.registry-signatures,1,verify,0
960,2026-09-13T01:23:43Z,witness,witness.2026-09-12.countersignatures,1,verify,0
961,2026-09-13T01:23:43Z,witness,witness.2026-09-12.witness-keys-in-directory,1,verify,0
962,2026-09-13T01:23:43Z,witness,witness.2026-09-12.refusals,0,verify,0
963,2026-09-13T01:23:43Z,witness,witness.2026-09-12.monotonic,1,verify,0
964,2026-09-13T01:23:43Z,witness,witness.2026-09-12.latest-vs-live,1,verify,0
965,2026-09-13T01:23:43Z,witness,witness.2026-09-12.latest-head-attest,1,verify,0
966,2026-09-13T01:23:43Z,witness,witness.2026-09-12.cadence,1,verify,0
967,2026-09-13T01:23:43Z,witness,witness.2026-09-12.outage,1,verify,0
968,2026-09-13T01:24:53Z,"witness (by hand: source.py fetch of both day files, grep on at timestamps)",witness.2026-09-12/13.cross-midnight-gap,0,verify,0
980,2026-09-13T01:31:35Z,pr-lint,fix/witness-attest-page-bound,0,gate,0
981,2026-09-13T01:31:35Z,pr-lint,docket/checkpoint-lag-window-witness-pairing,0,gate,0
982,2026-09-13T01:32:09Z,pr-lint,fix/witness-attest-page-bound,0,gate,0
983,2026-09-13T01:32:36Z,pr-lint,fix/witness-attest-page-bound,0,gate,0
984,2026-09-13T01:32:47Z,pr-lint,fix/witness-attest-page-bound,0,gate,0
985,2026-09-13T01:33:01Z,pr-lint,docket/checkpoint-lag-window-witness-pairing,1,gate,0
987,2026-09-13T01:33:16Z,pr-lint,fix/witness-attest-page-bound,1,gate,0
988,2026-09-13T01:33:21Z,pr-lint,fix/witness-attest-page-bound,1,gate,0
994,2026-09-13T01:40:33Z,pr-lint,fix/witness-attest-page-bound,1,gate,0
995,2026-09-13T01:41:38Z,pr-lint,scratch/232-as-pushed,0,gate,1
996,2026-09-13T01:41:38Z,pr-lint,scratch/232-as-pushed,0,gate,1
998,2026-09-13T02:04:18Z,pr-lint,fix/witness-attest-page-bound,1,gate,0
1000,2026-09-13T02:04:24Z,pr-dryrun,fix/witness-attest-page-bound:anchored,1,gate,0
1001,2026-09-13T02:04:24Z,pr-dryrun,fix/witness-attest-page-bound:cold,1,gate,0
1002,2026-09-13T02:05:56Z,pr-lint,fix/witness-attest-page-bound,1,gate,0
1003,2026-09-13T02:06:00Z,pr-dryrun,fix/witness-attest-page-bound:anchored,1,gate,0
1004,2026-09-13T02:06:00Z,pr-dryrun,fix/witness-attest-page-bound:cold,1,gate,0
1005,2026-09-13T02:06:11Z,pr-build,fix/witness-attest-page-bound,1,gate,0
1006,2026-09-13T02:06:19Z,pr-lint,scratch/232-as-pushed,0,gate,1
1007,2026-09-13T02:06:21Z,pr-dryrun,scratch/232-as-pushed:anchored,0,gate,1
1008,2026-09-13T02:06:21Z,pr-dryrun,scratch/232-as-pushed:cold,0,gate,1
1010,2026-09-13T02:42:43Z,pr-migrations,scratch/mig,0,gate,1
1013,2026-09-13T02:45:08Z,heads,attest.identity_events.verified,1,verify,0
1014,2026-09-13T02:45:08Z,heads,attest.ledger.verified,1,verify,0
1015,2026-09-13T02:45:08Z,heads,checkpoint.identity_events.signature,1,verify,0
1016,2026-09-13T02:45:08Z,heads,checkpoint.ledger.signature,1,verify,0
1017,2026-09-13T02:45:08Z,heads,registry-key.pinned,1,verify,0
1018,2026-09-13T02:45:08Z,heads,checkpoint.identity_events.monotonic,1,verify,0
1019,2026-09-13T02:45:08Z,heads,checkpoint.ledger.monotonic,1,verify,0
1020,2026-09-13T02:45:08Z,heads,checkpoint.ledger.same-size-same-root,1,verify,0
1021,2026-09-13T02:45:08Z,heads,attest.identity_events.monotonic,1,verify,0
1022,2026-09-13T02:45:08Z,heads,attest.ledger.monotonic,1,verify,0
1023,2026-09-13T02:45:08Z,heads,attest.ledger.same-id-same-head,1,verify,0
1026,2026-09-13T02:45:09Z,consistency,consistency.identity_events.13017->13017.from-signature,1,verify,0
1027,2026-09-13T02:45:09Z,consistency,consistency.identity_events.13017->13017.to-signature,1,verify,0
1028,2026-09-13T02:45:09Z,consistency,consistency.identity_events.13017->13017.from-root-matches-ours,1,verify,0
1029,2026-09-13T02:45:09Z,consistency,consistency.identity_events.13017->13017.to-root-matches-ours,1,verify,0
1030,2026-09-13T02:45:09Z,consistency,consistency.identity_events.13017->13017.to-root-matches-live,1,verify,0
1031,2026-09-13T02:45:09Z,consistency,consistency.identity_events.13017->13017.proof,1,verify,0
1032,2026-09-13T02:45:12Z,witness,witness.2026-09-13.registry-signatures,1,verify,0
1033,2026-09-13T02:45:12Z,witness,witness.2026-09-13.countersignatures,1,verify,0
1034,2026-09-13T02:45:12Z,witness,witness.2026-09-13.witness-keys-in-directory,1,verify,0
1035,2026-09-13T02:45:12Z,witness,witness.2026-09-13.refusals,1,verify,0
1036,2026-09-13T02:45:12Z,witness,witness.2026-09-13.monotonic,1,verify,0
1037,2026-09-13T02:45:12Z,witness,witness.2026-09-13.latest-vs-live,1,verify,0
1038,2026-09-13T02:45:12Z,witness,witness.2026-09-13.latest-head-attest,1,verify,0
1039,2026-09-13T02:45:12Z,witness,witness.2026-09-13.cadence,1,verify,0
1040,2026-09-13T02:45:12Z,witness,witness.2026-09-13.outage,1,verify,0
1043,2026-09-13T02:45:18Z,dossier,tally-stick.registry-signature,1,verify,0
1044,2026-09-13T02:45:18Z,dossier,tally-stick.checkpoint-signature,1,verify,0
1045,2026-09-13T02:45:18Z,dossier,tally-stick.inclusion,1,verify,0
1046,2026-09-13T02:45:18Z,dossier,tally-stick.leaf-index,1,verify,0
1047,2026-09-13T02:45:18Z,dossier,tally-stick.keys,1,verify,0
1048,2026-09-13T02:45:18Z,dossier,tally-stick.event-hashes,1,verify,0
1049,2026-09-13T02:45:18Z,dossier,tally-stick.seal-signatures,1,verify,0
1050,2026-09-13T02:45:18Z,dossier,tally-stick.seals-anchored,1,verify,0
1051,2026-09-13T02:45:18Z,dossier,tally-stick.counts,1,verify,0
