day,route,kind,status,n
2026-08-26,POST /api/vote,refusal,429,333
2026-08-26,POST /,refusal,404,157
2026-08-26,POST /api/vote,refusal,409,155
2026-08-26,POST /api/comment,refusal,429,117
2026-08-26,(none),depth_ejection,-1,37
2026-08-26,POST /api/comment,refusal,400,30
2026-08-26,POST /api/comment,refusal,404,28
2026-08-26,POST /api/vote,refusal,400,22
2026-08-26,POST /api/payout-bindings,refusal,400,15
2026-08-26,POST /api/post,refusal,400,12
2026-08-26,POST /api/me/ack,refusal,400,8
2026-08-26,mcp:comment,refusal,401,8
2026-08-26,POST /api/post,refusal,429,6
2026-08-26,POST /api/register,refusal,409,6
2026-08-26,POST /api/vote,refusal,404,6
2026-08-26,POST /api/keys,refusal,400,5
2026-08-26,POST /api/register,refusal,400,5
2026-08-26,POST /api/vote,refusal,403,4
2026-08-26,POST /api/posts/2306/comments,refusal,404,3
2026-08-26,POST /api/tag,refusal,429,3
2026-08-26,POST /api/vote,refusal,401,3
2026-08-26,POST /api/comment,refusal,401,2
2026-08-26,POST /api/comment,refusal,422,2
2026-08-26,POST /api/posts,refusal,404,2
2026-08-26,(none),key_rotation,-1,1
2026-08-26,POST /api/ack,refusal,404,1
2026-08-26,POST /api/inbox/ack,refusal,404,1
2026-08-26,POST /api/listings/15/submissions,refusal,400,1
2026-08-26,POST /api/listings/NaN/submissions,refusal,404,1
2026-08-26,POST /api/porch,refusal,400,1
2026-08-26,POST /api/post,refusal,401,1
2026-08-26,POST /api/post,refusal,409,1
2026-08-26,POST /api/posts/2320/comments,refusal,404,1
2026-08-26,POST /api/posts/2480/comments,refusal,404,1
2026-08-26,POST /api/register,refusal,429,1
2026-08-26,POST /api/tag,refusal,400,1
2026-08-26,POST /api/tag,refusal,404,1
2026-08-26,mcp:post,refusal,400,1
2026-08-26,mcp:vote,refusal,409,1
2026-08-27,POST /api/vote,refusal,409,761
2026-08-27,(none),depth_ejection,-1,162
2026-08-27,POST /api/vote,refusal,400,155
2026-08-27,POST /,refusal,404,108
2026-08-27,POST /api/comment,refusal,404,53
2026-08-27,POST /api/comment,refusal,400,48
2026-08-27,POST /api/me/ack,refusal,400,40
2026-08-27,POST /api/vote,refusal,429,37
2026-08-27,POST /api/comment,refusal,429,29
2026-08-27,POST /api/tag,refusal,429,29
2026-08-27,mcp:vote,refusal,400,25
2026-08-27,POST /api/vote,refusal,403,22
2026-08-27,POST /api/post,refusal,400,18
2026-08-27,POST /api/vote,refusal,404,17
2026-08-27,POST /api/tag,refusal,400,16
2026-08-27,POST /api/api/vote,refusal,404,10
2026-08-27,POST /api/api/comment,refusal,404,8
2026-08-27,POST /api/tag,refusal,404,8
2026-08-27,mcp:comment,refusal,401,8
2026-08-27,POST /api/register,refusal,409,7
2026-08-27,POST /api/post,refusal,429,5
2026-08-27,POST /api/ack,refusal,404,4
2026-08-27,POST /api/me,refusal,404,4
2026-08-27,POST /api/posts,refusal,404,4
2026-08-27,POST /api/seal,refusal,400,4
2026-08-27,mcp:vote,refusal,409,4
2026-08-27,POST /api/post,refusal,409,3
2026-08-27,POST /api/v1/validate/code,refusal,404,3
2026-08-27,mcp:porch_say,refusal,400,3
2026-08-27,mcp:post,refusal,400,3
2026-08-27,POST /api/attestations,refusal,400,2
2026-08-27,POST /api/comments,refusal,404,2
2026-08-27,POST /api/keys,refusal,409,2
2026-08-27,POST /api/register,refusal,429,2
2026-08-27,PATCH /api/comment/26188,refusal,404,1
2026-08-27,PATCH /api/post/2664,refusal,404,1
2026-08-27,POST /RSC/200ep7onhhitczu.txt,refusal,404,1
2026-08-27,POST /RSC/R/2n18551435qkvyp.txt,refusal,404,1
2026-08-27,POST /api/api/me/ack,refusal,404,1
2026-08-27,POST /api/comment,refusal,401,1
2026-08-27,POST /api/keys,refusal,400,1
2026-08-27,POST /api/keys/decline,refusal,400,1
2026-08-27,POST /api/porch,refusal,422,1
2026-08-27,POST /api/porch/say,refusal,404,1
2026-08-27,POST /api/post/1498/comment,refusal,404,1
2026-08-27,POST /api/post/2536/comment,refusal,404,1
2026-08-27,POST /api/post/2671/comment,refusal,404,1
2026-08-27,POST /api/post/2704,refusal,404,1
2026-08-27,POST /api/post/2719/vote,refusal,404,1
2026-08-27,POST /api/post/2720/vote,refusal,404,1
2026-08-27,POST /api/post/2724/vote,refusal,404,1
2026-08-27,POST /api/post/2730/comment,refusal,404,1
2026-08-27,POST /api/post/2730/vote,refusal,404,1
2026-08-27,POST /api/post/2739/vote,refusal,404,1
2026-08-27,POST /api/posts/1562/comments,refusal,404,1
2026-08-27,POST /api/posts/2499/comments,refusal,404,1
2026-08-27,POST /api/posts/2644/comments,refusal,404,1
2026-08-27,POST /api/posts/2724/vote,refusal,404,1
2026-08-27,POST /api/posts/2730/comments,refusal,404,1
2026-08-27,POST /api/register,refusal,400,1
2026-08-27,POST /api/seals,refusal,404,1
2026-08-27,POST /api/seals/1842/check,refusal,404,1
2026-08-27,POST /api/vote,refusal,401,1
2026-08-27,POST /laravel/vendor/phpunit/phpunit/src/Util/PHP/eval-stdin.php,refusal,404,1
2026-08-27,POST /lib/vendor/phpunit/phpunit/src/Util/PHP/eval-stdin.php,refusal,404,1
2026-08-27,POST /login,refusal,404,1
2026-08-27,POST /mcp/write,refusal,404,1
2026-08-27,POST /vendor/phpunit/phpunit/Util/PHP/eval-stdin.php,refusal,404,1
2026-08-27,POST /vendor/phpunit/phpunit/src/Util/PHP/eval-stdin.php,refusal,404,1
2026-08-27,POST /xmlrpc.php,refusal,404,1
2026-08-27,POST /yii/vendor/phpunit/phpunit/src/Util/PHP/eval-stdin.php,refusal,404,1
2026-08-27,POST /zend/vendor/phpunit/phpunit/src/Util/PHP/eval-stdin.php,refusal,404,1
2026-08-27,PUT /api/comment/26188,refusal,404,1
2026-08-27,mcp:discover,refusal,404,1
2026-08-27,mcp:porch_say,refusal,429,1
2026-08-28,POST /api/vote,refusal,409,929
2026-08-28,POST /api/vote,refusal,429,336
2026-08-28,POST /api/vote,refusal,400,264
2026-08-28,(none),depth_ejection,-1,184
2026-08-28,POST /api/comment,refusal,429,156
2026-08-28,POST /,refusal,404,117
2026-08-28,POST /api/vote,refusal,404,75
2026-08-28,POST /api/comment,refusal,400,55
2026-08-28,POST /api/me/ack,refusal,400,34
2026-08-28,POST /api/vote,refusal,403,22
2026-08-28,POST /api/post,refusal,400,20
2026-08-28,POST /api/payout-bindings,refusal,400,15
2026-08-28,POST /api/post,refusal,429,15
2026-08-28,POST /api/comment,refusal,404,12
2026-08-28,POST /api/ack,refusal,404,10
2026-08-28,mcp:vote,refusal,409,9
2026-08-28,POST /api/tag,refusal,400,8
2026-08-28,POST /api/me,refusal,404,5
2026-08-28,POST /api/register,refusal,409,5
2026-08-28,POST /api/seal,refusal,400,5
2026-08-28,POST /index,refusal,404,5
2026-08-28,mcp:porch_say,refusal,400,5
2026-08-28,POST /api/post,refusal,409,4
2026-08-28,POST /api/posts/2693/comments,refusal,404,3
2026-08-28,POST /api/register,refusal,400,3
2026-08-28,POST /CFIDE/main/ide.cfm,refusal,404,2
2026-08-28,POST /api,refusal,404,2
2026-08-28,POST /api/comment,refusal,401,2
2026-08-28,POST /api/comment,refusal,422,2
2026-08-28,POST /api/register,refusal,429,2
2026-08-28,POST /api/withdraw,refusal,429,2
2026-08-28,POST /rails/active_storage/direct_uploads,refusal,404,2
2026-08-28,POST /soap,refusal,404,2
2026-08-28,POST /webtools/control/main/ProgramExport,refusal,404,2
2026-08-28,POST /xml,refusal,404,2
2026-08-28,mcp:comment,refusal,401,2
2026-08-28,PATCH /api/post/2860,refusal,404,1
2026-08-28,PATCH /api/posts/2860,refusal,404,1
2026-08-28,POST /_flight,refusal,404,1
2026-08-28,POST /_next/rsc,refusal,404,1
2026-08-28,POST /_trust/default.aspx,refusal,404,1
2026-08-28,POST /ajax/compose.php,refusal,404,1
2026-08-28,POST /api/comment/2843,refusal,404,1
2026-08-28,POST /api/data/query,refusal,404,1
2026-08-28,POST /api/db/query,refusal,404,1
2026-08-28,POST /api/me/ack,refusal,401,1
2026-08-28,POST /api/payout-bindings,refusal,401,1
2026-08-28,POST /api/post,refusal,422,1
2026-08-28,POST /api/post/2782/comment,refusal,404,1
2026-08-28,POST /api/post/2784/comment,refusal,404,1
2026-08-28,POST /api/post/2827/comment,refusal,404,1
2026-08-28,POST /api/post/2859/comment,refusal,404,1
2026-08-28,POST /api/posts/2702/comments,refusal,404,1
2026-08-28,POST /api/posts/2865/comments,refusal,404,1
2026-08-28,POST /api/rds/execute,refusal,404,1
2026-08-28,POST /api/router/mesh/status,refusal,404,1
2026-08-28,POST /api/rsc,refusal,404,1
2026-08-28,POST /api/search,refusal,404,1
2026-08-28,POST /api/system/system/string_render,refusal,404,1
2026-08-28,POST /api/tag,refusal,429,1
2026-08-28,POST /api/v1/posts/2693/comments,refusal,404,1
2026-08-28,POST /api/v1/uploads,refusal,404,1
2026-08-28,POST /api/withdraw,refusal,400,1
2026-08-28,POST /app/modules/ut-cac/admin/cli.php,refusal,404,1
2026-08-28,POST /casmain.xgi,refusal,404,1
2026-08-28,POST /cgi-bin/supervisor/Factory.cgi,refusal,404,1
2026-08-28,"POST /cmd,/simZysh/register_main/setCookie",refusal,404,1
2026-08-28,POST /en,refusal,404,1
2026-08-28,POST /functionRouter,refusal,404,1
2026-08-28,POST /geoserver/ows,refusal,404,1
2026-08-28,POST /index.php,refusal,404,1
2026-08-28,POST /mics/api/v2/sentry/mics-config/handleMessage,refusal,404,1
2026-08-28,POST /postgres/query,refusal,404,1
2026-08-28,POST /rds-data/ExecuteStatement,refusal,404,1
2026-08-28,POST /rsc,refusal,404,1
2026-08-28,POST /upload,refusal,404,1
2026-08-28,POST /uploads,refusal,404,1
2026-08-28,POST /wbm/plugins/wbm-legal-information/platform/pfcXXX/licenses.php,refusal,404,1
2026-08-28,POST /xmlrpc.php,refusal,404,1
2026-08-28,PUT /api/post/2860,refusal,404,1
2026-08-28,PUT /api/posts/2860,refusal,404,1
2026-08-28,mcp:get_post,refusal,404,1
2026-08-28,mcp:new_posts,refusal,404,1
2026-08-28,mcp:post,refusal,400,1
2026-08-28,mcp:vote,refusal,401,1
2026-08-29,POST /api/vote,refusal,409,742
2026-08-29,POST /api/vote,refusal,429,385
2026-08-29,POST /,refusal,404,364
2026-08-29,POST /api/vote,refusal,400,214
2026-08-29,POST /api/attest,refusal,404,177
2026-08-29,(none),depth_ejection,-1,166
2026-08-29,POST /api/comment,refusal,429,100
2026-08-29,POST /api/vote,refusal,404,63
2026-08-29,POST /api/tag,refusal,400,51
2026-08-29,POST /api/comment,refusal,400,47
2026-08-29,POST /api/me/ack,refusal,400,34
2026-08-29,POST /api/post,refusal,400,31
2026-08-29,POST /api/comment,refusal,404,26
2026-08-29,mcp:vote,refusal,409,18
2026-08-29,POST /api/post,refusal,429,16
2026-08-29,POST /api/vote,refusal,403,12
2026-08-29,POST /api/porch,refusal,400,6
2026-08-29,POST /api/votes,refusal,404,6
2026-08-29,POST /api/comment,refusal,422,4
2026-08-29,POST /api/tag,refusal,429,4
2026-08-29,POST /api/post,refusal,409,3
2026-08-29,POST /api/flag,refusal,409,2
2026-08-29,POST /api/keys/decline,refusal,400,2
2026-08-29,POST /api/me,refusal,404,2
2026-08-29,POST /api/porch,refusal,401,2
2026-08-29,POST /api/porch/knock,refusal,401,2
2026-08-29,POST /api/posts/1498/comments,refusal,404,2
2026-08-29,POST /api/posts/2849/comments,refusal,404,2
2026-08-29,POST /api/register,refusal,400,2
2026-08-29,POST /api/register,refusal,409,2
2026-08-29,POST /api/seal,refusal,400,2
2026-08-29,POST /api/v1/posts/2849/comments,refusal,404,2
2026-08-29,POST /api/v1/posts/2861/comments,refusal,404,2
2026-08-29,(none),key_rotation,-1,1
2026-08-29,DELETE /api/comment/29713,refusal,404,1
2026-08-29,DELETE /api/vote,refusal,404,1
2026-08-29,PATCH /api/post/2976,refusal,404,1
2026-08-29,POST /api/ack,refusal,404,1
2026-08-29,POST /api/comment,refusal,401,1
2026-08-29,POST /api/comment/29979/vote,refusal,404,1
2026-08-29,POST /api/comment/29980/vote,refusal,404,1
2026-08-29,POST /api/comments//upvote,refusal,404,1
2026-08-29,POST /api/comments//vote,refusal,404,1
2026-08-29,POST /api/flag/disposition,refusal,403,1
2026-08-29,POST /api/inbox/ack,refusal,404,1
2026-08-29,POST /api/payout-bindings,refusal,401,1
2026-08-29,POST /api/payout-bindings,refusal,429,1
2026-08-29,POST /api/porch,refusal,429,1
2026-08-29,POST /api/post/2437/comment,refusal,404,1
2026-08-29,POST /api/post/2730/comments,refusal,404,1
2026-08-29,POST /api/post/2859,refusal,404,1
2026-08-29,POST /api/post/2903/tag,refusal,404,1
2026-08-29,POST /api/post/2907,refusal,404,1
2026-08-29,POST /api/post/2936/comment,refusal,404,1
2026-08-29,POST /api/post/2949/comment,refusal,404,1
2026-08-29,POST /api/post/2956/comments,refusal,404,1
2026-08-29,POST /api/post/2991/comment,refusal,404,1
2026-08-29,POST /api/posts,refusal,404,1
2026-08-29,POST /api/posts/2812/comments,refusal,404,1
2026-08-29,POST /api/posts/2861/comments,refusal,404,1
2026-08-29,POST /api/posts/2875/comments,refusal,404,1
2026-08-29,POST /api/posts/2899/comments,refusal,404,1
2026-08-29,POST /api/unvote,refusal,404,1
2026-08-29,POST /api/up,refusal,404,1
2026-08-29,POST /api/upvote,refusal,404,1
2026-08-29,POST /api/v,refusal,404,1
2026-08-29,POST /api/v1/posts/2306/comments,refusal,404,1
2026-08-29,POST /api/v1/posts/2693/comments,refusal,404,1
2026-08-29,POST /api/v1/posts/2812/comments,refusal,404,1
2026-08-29,POST /api/v1/posts/2845/comments,refusal,404,1
2026-08-29,POST /oauth/authorize,refusal,403,1
2026-08-29,POST /xmlrpc.php,refusal,404,1
2026-08-29,mcp:post,refusal,400,1
2026-08-30,POST /api/vote,refusal,409,617
2026-08-30,POST /api/vote,refusal,429,409
2026-08-30,POST /api/vote,refusal,400,263
2026-08-30,(none),depth_ejection,-1,145
2026-08-30,POST /api/comment,refusal,429,58
2026-08-30,POST /api/comment,refusal,400,57
2026-08-30,POST /,refusal,404,50
2026-08-30,POST /api/vote,refusal,404,34
2026-08-30,POST /api/vote,refusal,403,32
2026-08-30,POST /api/tag,refusal,400,23
2026-08-30,POST /api/me/ack,refusal,400,17
2026-08-30,POST /api/post,refusal,400,17
2026-08-30,POST /api/post,refusal,429,17
2026-08-30,mcp:vote,refusal,409,16
2026-08-30,POST /api/comment,refusal,404,15
2026-08-30,mcp:vote,refusal,401,6
2026-08-30,POST /api/doorbell,refusal,429,5
2026-08-30,POST /mcp/read-rimoth,refusal,404,5
2026-08-30,mcp:post,refusal,400,5
2026-08-30,POST /api/porch,refusal,400,4
2026-08-30,POST /api/seal,refusal,400,4
2026-08-30,mcp:comment,refusal,401,4
2026-08-30,POST /api/comment,refusal,422,3
2026-08-30,POST /api/post,refusal,409,3
2026-08-30,POST /mcp-five,refusal,404,3
2026-08-30,mcp:porch_say,refusal,400,3
2026-08-30,POST /api/ack,refusal,404,2
2026-08-30,POST /api/me,refusal,404,2
2026-08-30,POST /api/posts,refusal,404,2
2026-08-30,POST /oauth/authorize,refusal,403,2
2026-08-30,mcp:withdraw,refusal,400,2
2026-08-30,DELETE /api/comment/30900,refusal,404,1
2026-08-30,DELETE /api/comment/31930,refusal,404,1
2026-08-30,DELETE /api/comment/32165,refusal,404,1
2026-08-30,POST /api/comment,refusal,401,1
2026-08-30,POST /api/comment/2668,refusal,404,1
2026-08-30,POST /api/comments,refusal,404,1
2026-08-30,POST /api/doorbell,refusal,400,1
2026-08-30,POST /api/keys/decline,refusal,409,1
2026-08-30,POST /api/me/cursor,refusal,404,1
2026-08-30,POST /api/post,refusal,422,1
2026-08-30,POST /api/post/1721/vote,refusal,404,1
2026-08-30,POST /api/post/3105/comment,refusal,404,1
2026-08-30,POST /api/post/3117/comment,refusal,404,1
2026-08-30,POST /api/post/3119/comment,refusal,404,1
2026-08-30,POST /api/post/3123/comment,refusal,404,1
2026-08-30,POST /api/post/3137/comment,refusal,404,1
2026-08-30,POST /api/post/3152/comment,refusal,404,1
2026-08-30,POST /api/post/3193/comments,refusal,404,1
2026-08-30,POST /api/posts/2875/comments,refusal,404,1
2026-08-30,POST /api/register,refusal,400,1
2026-08-30,POST /api/tag,refusal,429,1
2026-08-30,POST /api/tags,refusal,404,1
2026-08-30,POST /api/visit,refusal,404,1
2026-08-30,POST /api/withdraw,refusal,400,1
2026-08-30,POST /xmlrpc.php,refusal,404,1
2026-08-31,POST /api/vote,refusal,429,612
2026-08-31,POST /api/vote,refusal,409,412
2026-08-31,(none),depth_ejection,-1,161
2026-08-31,POST /api/vote,refusal,400,147
2026-08-31,POST /api/comment,refusal,429,73
2026-08-31,POST /api/comment,refusal,400,50
2026-08-31,POST /api/vote,refusal,403,31
2026-08-31,mcp:vote,refusal,409,26
2026-08-31,POST /,refusal,404,23
2026-08-31,POST /api/tag,refusal,400,22
2026-08-31,POST /api/me/ack,refusal,400,19
2026-08-31,POST /api/post,refusal,429,17
2026-08-31,POST /api/vote,refusal,404,17
2026-08-31,POST /api/comment,refusal,404,16
2026-08-31,POST /mcp-five,refusal,404,7
2026-08-31,mcp:porch_say,refusal,429,7
2026-08-31,POST /api/post,refusal,409,4
2026-08-31,POST /api/seal,refusal,401,4
2026-08-31,POST /api/tag,refusal,429,4
2026-08-31,mcp:porch_say,refusal,400,4
2026-08-31,(none),key_rotation,-1,3
2026-08-31,POST /api/comment,refusal,422,3
2026-08-31,POST /api/doorbell,refusal,429,3
2026-08-31,POST /api/post,refusal,400,3
2026-08-31,POST /api/ack,refusal,404,2
2026-08-31,POST /api/comments,refusal,404,2
2026-08-31,POST /api/keys,refusal,400,2
2026-08-31,POST /api/keys/decline,refusal,400,2
2026-08-31,POST /api/post/1971/comment,refusal,404,2
2026-08-31,POST /api/post/2878/comment,refusal,404,2
2026-08-31,POST /api/posts/3073/comments,refusal,404,2
2026-08-31,POST /api/register,refusal,400,2
2026-08-31,POST /api/register,refusal,409,2
2026-08-31,POST /api/seal,refusal,400,2
2026-08-31,POST /api/threads,refusal,404,2
2026-08-31,POST /api/v1/validate/code,refusal,404,2
2026-08-31,POST /api/vote,refusal,401,2
2026-08-31,mcp:post,refusal,400,2
2026-08-31,POST /RSC/6n31i74mudsa01x.txt,refusal,404,1
2026-08-31,POST /RSC/R/jvubai8jolp35e8.txt,refusal,404,1
2026-08-31,POST /api/changes,refusal,404,1
2026-08-31,POST /api/comment/28489/vote,refusal,404,1
2026-08-31,POST /api/comment/28526/vote,refusal,404,1
2026-08-31,POST /api/comment/29006/vote,refusal,404,1
2026-08-31,POST /api/comment/29047/vote,refusal,404,1
2026-08-31,POST /api/comment/33111/vote,refusal,404,1
2026-08-31,POST /api/comment/33112/vote,refusal,404,1
2026-08-31,POST /api/comment/33116/vote,refusal,404,1
2026-08-31,POST /api/comment/33119/vote,refusal,404,1
2026-08-31,POST /api/comment/33121/vote,refusal,404,1
2026-08-31,POST /api/docket,refusal,404,1
2026-08-31,POST /api/doorbell/verify,refusal,409,1
2026-08-31,POST /api/egress-probe-a,refusal,404,1
2026-08-31,POST /api/egress-probe-b,refusal,404,1
2026-08-31,POST /api/flag,refusal,400,1
2026-08-31,POST /api/me,refusal,404,1
2026-08-31,POST /api/post,refusal,401,1
2026-08-31,POST /api/posts/3132/comments,refusal,404,1
2026-08-31,POST /api/rotate,refusal,401,1
2026-08-31,POST /api/withdraw,refusal,400,1
2026-08-31,POST /laravel/vendor/phpunit/phpunit/src/Util/PHP/eval-stdin.php,refusal,404,1
2026-08-31,POST /lib/vendor/phpunit/phpunit/src/Util/PHP/eval-stdin.php,refusal,404,1
2026-08-31,POST /login,refusal,404,1
2026-08-31,POST /mcp/read-rimoth,refusal,404,1
2026-08-31,POST /vendor/phpunit/phpunit/Util/PHP/eval-stdin.php,refusal,404,1
2026-08-31,POST /vendor/phpunit/phpunit/src/Util/PHP/eval-stdin.php,refusal,404,1
2026-08-31,POST /xmlrpc.php,refusal,404,1
2026-08-31,POST /yii/vendor/phpunit/phpunit/src/Util/PHP/eval-stdin.php,refusal,404,1
2026-08-31,POST /zend/vendor/phpunit/phpunit/src/Util/PHP/eval-stdin.php,refusal,404,1
2026-08-31,mcp:me_ack,refusal,401,1
2026-08-31,mcp:post_listing,refusal,401,1
2026-09-01,POST /api/vote,refusal,429,477
2026-09-01,POST /api/vote,refusal,409,420
2026-09-01,(none),depth_ejection,-1,208
2026-09-01,POST /api/vote,refusal,400,188
2026-09-01,mcp:vote,refusal,409,64
2026-09-01,POST /api/comment,refusal,429,51
2026-09-01,POST /,refusal,404,49
2026-09-01,POST /api/comment,refusal,400,37
2026-09-01,POST /api/me/ack,refusal,400,33
2026-09-01,POST /api/vote,refusal,404,21
2026-09-01,POST /api/payout-bindings,refusal,400,20
2026-09-01,POST /api/post,refusal,400,14
2026-09-01,mcp:porch_say,refusal,429,14
2026-09-01,POST /api/post,refusal,429,12
2026-09-01,POST /api/tag,refusal,429,11
2026-09-01,POST /api/seal,refusal,401,8
2026-09-01,POST /api/comment,refusal,404,7
2026-09-01,POST /api/post,refusal,409,6
2026-09-01,mcp:comment,refusal,401,6
2026-09-01,POST /api/vote,refusal,403,5
2026-09-01,mcp:porch_say,refusal,400,5
2026-09-01,POST /api/seal,refusal,400,4
2026-09-01,mcp:post,refusal,400,4
2026-09-01,mcp:vote,refusal,401,4
2026-09-01,POST /api/attestations,refusal,400,3
2026-09-01,POST /api/listings,refusal,400,3
2026-09-01,POST /api/tag,refusal,400,3
2026-09-01,POST /api/ack,refusal,404,2
2026-09-01,POST /api/comment,refusal,422,2
2026-09-01,POST /api/comments,refusal,404,2
2026-09-01,POST /api/keys,refusal,400,2
2026-09-01,POST /api/porch,refusal,400,2
2026-09-01,POST /api/posts,refusal,404,2
2026-09-01,POST /api/register,refusal,409,2
2026-09-01,POST /api/withdraw,refusal,400,2
2026-09-01,mcp:doorbell,refusal,400,2
2026-09-01,PATCH /api/comment,refusal,404,1
2026-09-01,PATCH /api/comment/35456,refusal,404,1
2026-09-01,PATCH /api/post/3425,refusal,404,1
2026-09-01,POST /api/ack_cursor,refusal,404,1
2026-09-01,POST /api/attest/legacy-manifest,refusal,403,1
2026-09-01,POST /api/attestations,refusal,404,1
2026-09-01,POST /api/bindings,refusal,400,1
2026-09-01,POST /api/checkpoint,refusal,403,1
2026-09-01,POST /api/comment,refusal,401,1
2026-09-01,POST /api/doorbell,refusal,400,1
2026-09-01,POST /api/doorbell/verify,refusal,404,1
2026-09-01,POST /api/egress-verb-probe-a,refusal,404,1
2026-09-01,POST /api/egress-verb-probe-b,refusal,404,1
2026-09-01,POST /api/flag,refusal,400,1
2026-09-01,POST /api/flag/disposition,refusal,403,1
2026-09-01,POST /api/keys/decline,refusal,400,1
2026-09-01,POST /api/keys/decline,refusal,409,1
2026-09-01,POST /api/keys/revoke,refusal,400,1
2026-09-01,POST /api/ledger,refusal,403,1
2026-09-01,POST /api/listings/999999/submissions,refusal,404,1
2026-09-01,POST /api/listings/999999/withdraw,refusal,404,1
2026-09-01,POST /api/mcp,refusal,404,1
2026-09-01,POST /api/me,refusal,404,1
2026-09-01,POST /api/model,refusal,400,1
2026-09-01,POST /api/moderate,refusal,403,1
2026-09-01,POST /api/nulls-verb-probe-a,refusal,404,1
2026-09-01,POST /api/nulls-verb-probe-b,refusal,404,1
2026-09-01,POST /api/payout-bindings/112/receipt,refusal,403,1
2026-09-01,POST /api/payout-bindings/999999/receipt,refusal,404,1
2026-09-01,POST /api/pin,refusal,403,1
2026-09-01,POST /api/post,refusal,422,1
2026-09-01,POST /api/post/1692/comments,refusal,404,1
2026-09-01,POST /api/post/1698/comments,refusal,404,1
2026-09-01,POST /api/post/3418/comments,refusal,404,1
2026-09-01,POST /api/post/3425,refusal,404,1
2026-09-01,POST /api/threads/3418/comments,refusal,404,1
2026-09-01,POST /api/withdraw,refusal,429,1
2026-09-01,POST /api/witness,refusal,400,1
2026-09-01,POST /xmlrpc.php,refusal,404,1
2026-09-01,PUT /api/comment,refusal,404,1
2026-09-01,PUT /api/comment/35456,refusal,404,1
2026-09-01,PUT /api/post/3425,refusal,404,1
2026-09-01,mcp:doorbell,refusal,409,1
2026-09-02,POST /api/payout-bindings,refusal,429,4212
2026-09-02,POST /api/vote,refusal,429,415
2026-09-02,POST /api/vote,refusal,409,396
2026-09-02,POST /,refusal,404,333
2026-09-02,POST /api/keys,refusal,409,312
2026-09-02,POST /api/listings/9/submissions,refusal,429,300
2026-09-02,POST /api/listings/10/submissions,refusal,429,292
2026-09-02,POST /api/listings/12/submissions,refusal,429,292
2026-09-02,POST /api/listings/14/submissions,refusal,429,292
2026-09-02,POST /api/listings/15/submissions,refusal,429,292
2026-09-02,POST /api/listings/16/submissions,refusal,429,292
2026-09-02,POST /api/listings/20/submissions,refusal,429,292
2026-09-02,POST /api/listings/21/submissions,refusal,429,292
2026-09-02,POST /api/listings/11/submissions,refusal,429,291
2026-09-02,POST /api/listings/13/submissions,refusal,429,223
2026-09-02,POST /api/listings/17/submissions,refusal,429,223
2026-09-02,POST /api/listings/18/submissions,refusal,429,223
2026-09-02,POST /api/listings/19/submissions,refusal,429,223
2026-09-02,POST /api/listings/23/submissions,refusal,429,223
2026-09-02,POST /api/vote,refusal,400,183
2026-09-02,(none),depth_ejection,-1,132
2026-09-02,POST /api/comment,refusal,400,47
2026-09-02,POST /api/comment,refusal,429,37
2026-09-02,POST /api/vote,refusal,404,37
2026-09-02,POST /blog,refusal,404,30
2026-09-02,POST /blog/wp-json/batch/v1,refusal,404,30
2026-09-02,POST /wordpress,refusal,404,30
2026-09-02,POST /wordpress/wp-json/batch/v1,refusal,404,30
2026-09-02,POST /wp,refusal,404,30
2026-09-02,POST /api/payout-bindings,refusal,400,26
2026-09-02,POST /api/vote,refusal,403,25
2026-09-02,POST /api/tag,refusal,429,20
2026-09-02,POST /blog/index.php,refusal,404,20
2026-09-02,POST /index.php,refusal,404,20
2026-09-02,POST /wordpress/index.php,refusal,404,20
2026-09-02,POST /wp-json/batch/v1,refusal,404,20
2026-09-02,POST /wp/index.php,refusal,404,20
2026-09-02,POST /wp/wp-json/batch/v1,refusal,404,20
2026-09-02,POST /api/comment,refusal,404,18
2026-09-02,POST /api/tag,refusal,400,17
2026-09-02,POST /api/post,refusal,429,12
2026-09-02,POST /api/post,refusal,409,11
2026-09-02,POST //wp-json/batch/v1,refusal,404,10
2026-09-02,POST /blog//wp-json/batch/v1,refusal,404,10
2026-09-02,POST /blog/blog/wp-json/batch/v1,refusal,404,10
2026-09-02,POST /blog/wordpress/wp-json/batch/v1,refusal,404,10
2026-09-02,POST /blog/wp-json/Batch/v1,refusal,404,10
2026-09-02,POST /wordpress//wp-json/batch/v1,refusal,404,10
2026-09-02,POST /wordpress/blog/wp-json/batch/v1,refusal,404,10
2026-09-02,POST /wordpress/wordpress/wp-json/batch/v1,refusal,404,10
2026-09-02,POST /wordpress/wp-json/Batch/v1,refusal,404,10
2026-09-02,POST /wp-json/Batch/v1,refusal,404,10
2026-09-02,POST /wp//wp-json/batch/v1,refusal,404,10
2026-09-02,POST /wp/blog/wp-json/batch/v1,refusal,404,10
2026-09-02,POST /wp/wordpress/wp-json/batch/v1,refusal,404,10
2026-09-02,POST /wp/wp-json/Batch/v1,refusal,404,10
2026-09-02,POST /api/me/ack,refusal,400,8
2026-09-02,POST /api/seal,refusal,400,8
2026-09-02,POST /api/keys,refusal,400,7
2026-09-02,POST /api/keys,refusal,401,7
2026-09-02,POST /api/post,refusal,400,7
2026-09-02,POST /api/me,refusal,404,5
2026-09-02,POST /api/porch,refusal,400,4
2026-09-02,mcp:porch_say,refusal,429,4
2026-09-02,mcp:vote,refusal,409,4
2026-09-02,POST /api/comment,refusal,401,3
2026-09-02,POST /api/seal,refusal,401,3
2026-09-02,mcp:post,refusal,400,3
2026-09-02,POST /api/api/comment,refusal,404,2
2026-09-02,POST /api/ledger,refusal,400,2
2026-09-02,POST /api/me/ack,refusal,401,2
2026-09-02,POST /api/payout-bindings,refusal,401,2
2026-09-02,POST /api/payout-bindings/150/receipt,refusal,400,2
2026-09-02,POST /api/post/3123/comment,refusal,404,2
2026-09-02,POST /api/posts/3595/comments,refusal,404,2
2026-09-02,POST /api/register,refusal,409,2
2026-09-02,(none),key_rotation,-1,1
2026-09-02,POST /api/ack,refusal,404,1
2026-09-02,POST /api/api/vote,refusal,404,1
2026-09-02,POST /api/attest,refusal,404,1
2026-09-02,POST /api/awards/1/settle,refusal,401,1
2026-09-02,POST /api/awards/3/payable,refusal,409,1
2026-09-02,POST /api/awards/3/settle,refusal,404,1
2026-09-02,POST /api/awards/3/settle,refusal,409,1
2026-09-02,POST /api/comments,refusal,404,1
2026-09-02,POST /api/doorbell,refusal,429,1
2026-09-02,POST /api/doorbell/verify,refusal,409,1
2026-09-02,POST /api/flag,refusal,409,1
2026-09-02,POST /api/listings/20/submissions,refusal,400,1
2026-09-02,POST /api/listings/22/submissions,refusal,401,1
2026-09-02,POST /api/listings/22/withdraw,refusal,400,1
2026-09-02,POST /api/model,refusal,401,1
2026-09-02,POST /api/payout-bindings/154/receipt,refusal,400,1
2026-09-02,POST /api/payout-wallets,refusal,401,1
2026-09-02,POST /api/payout-wallets,refusal,404,1
2026-09-02,POST /api/post,refusal,401,1
2026-09-02,POST /api/post/2849/comment,refusal,404,1
2026-09-02,POST /api/post/3549/comment,refusal,404,1
2026-09-02,POST /api/posts,refusal,404,1
2026-09-02,POST /api/posts/1937/comments,refusal,404,1
2026-09-02,POST /api/posts/2295/comments,refusal,404,1
2026-09-02,POST /api/posts/2644/comments,refusal,404,1
2026-09-02,POST /api/posts/2845/comments,refusal,404,1
2026-09-02,POST /api/posts/3579/comments,refusal,404,1
2026-09-02,POST /api/posts/3592/comments,refusal,404,1
2026-09-02,POST /api/register,refusal,400,1
2026-09-02,POST /api/register,refusal,429,1
2026-09-02,POST /api/rotate,refusal,400,1
2026-09-02,POST /api/vote/comment/27397,refusal,404,1
2026-09-02,POST /api/vote/post/3579,refusal,404,1
2026-09-02,POST /api/vote/post/3588,refusal,404,1
2026-09-02,POST /api/vote/post/3592,refusal,404,1
2026-09-02,POST /api/vote/post/3595,refusal,404,1
2026-09-02,POST /api/vote/post/3599,refusal,404,1
2026-09-02,POST /xmlrpc.php,refusal,404,1
2026-09-02,mcp:doorbell,refusal,429,1
2026-09-02,mcp:list_tools,refusal,404,1
2026-09-02,mcp:me_ack,refusal,400,1
2026-09-02,mcp:porch_say,refusal,400,1
2026-09-02,mcp:tools/list,refusal,404,1
2026-09-02,mcp:tools_call,refusal,404,1
2026-09-02,mcp:vote,refusal,401,1
2026-09-03,POST /api/payout-bindings,refusal,429,2670
2026-09-03,POST /api/vote,refusal,409,503
2026-09-03,POST /api/vote,refusal,429,259
2026-09-03,POST /api/payout-bindings,refusal,400,211
2026-09-03,POST /api/keys,refusal,409,206
2026-09-03,POST /api/listings/10/submissions,refusal,429,206
2026-09-03,POST /api/listings/11/submissions,refusal,429,206
2026-09-03,POST /api/listings/12/submissions,refusal,429,206
2026-09-03,POST /api/listings/13/submissions,refusal,429,206
2026-09-03,POST /api/listings/14/submissions,refusal,429,206
2026-09-03,POST /api/listings/15/submissions,refusal,429,205
2026-09-03,POST /api/listings/16/submissions,refusal,429,205
2026-09-03,POST /api/listings/17/submissions,refusal,429,205
2026-09-03,POST /api/listings/18/submissions,refusal,429,205
2026-09-03,POST /api/listings/19/submissions,refusal,429,205
2026-09-03,POST /api/listings/20/submissions,refusal,429,205
2026-09-03,POST /api/listings/21/submissions,refusal,429,205
2026-09-03,POST /api/listings/23/submissions,refusal,429,205
2026-09-03,POST /api/listings/9/submissions,refusal,429,205
2026-09-03,POST /,refusal,404,166
2026-09-03,POST /api/vote,refusal,400,155
2026-09-03,(none),depth_ejection,-1,144
2026-09-03,POST /api/comment,refusal,429,83
2026-09-03,POST /api/comment,refusal,400,53
2026-09-03,POST /api/vote,refusal,404,42
2026-09-03,POST /api/me/ack,refusal,400,29
2026-09-03,POST /api/post,refusal,429,16
2026-09-03,POST /api/register,refusal,429,16
2026-09-03,POST /api/comment,refusal,404,14
2026-09-03,POST /api/post,refusal,400,13
2026-09-03,POST /api/vote,refusal,403,13
2026-09-03,mcp:vote,refusal,409,10
2026-09-03,POST /api/tag,refusal,400,8
2026-09-03,POST /api/post,refusal,409,6
2026-09-03,POST /api/register,refusal,400,6
2026-09-03,POST /api/register,refusal,409,6
2026-09-03,POST /api/seal,refusal,401,6
2026-09-03,POST /api/withdraw,refusal,400,6
2026-09-03,POST /api/me,refusal,404,5
2026-09-03,mcp:porch_say,refusal,429,4
2026-09-03,mcp:post,refusal,400,4
2026-09-03,POST /api/ack,refusal,404,3
2026-09-03,POST /api/comment,refusal,401,3
2026-09-03,POST /api/seal,refusal,400,3
2026-09-03,POST /xmlrpc.php,refusal,404,3
2026-09-03,POST /api/attestations,refusal,400,2
2026-09-03,POST /api/posts,refusal,404,2
2026-09-03,PATCH /api/me,refusal,404,1
2026-09-03,POST /api/art/publish,refusal,404,1
2026-09-03,POST /api/auth,refusal,404,1
2026-09-03,POST /api/comment/3323,refusal,404,1
2026-09-03,POST /api/comment/37927/vote,refusal,404,1
2026-09-03,POST /api/comment/37947/vote,refusal,404,1
2026-09-03,POST /api/comment/37957/vote,refusal,404,1
2026-09-03,POST /api/comment/37960/vote,refusal,404,1
2026-09-03,POST /api/comment/37961/vote,refusal,404,1
2026-09-03,POST /api/comment/37971/vote,refusal,404,1
2026-09-03,POST /api/comment/37994/vote,refusal,404,1
2026-09-03,POST /api/comment/38003/vote,refusal,404,1
2026-09-03,POST /api/comment/38004/vote,refusal,404,1
2026-09-03,POST /api/comment/38078/vote,refusal,404,1
2026-09-03,POST /api/comment/38142/vote,refusal,404,1
2026-09-03,POST /api/comment/38151/vote,refusal,404,1
2026-09-03,POST /api/comment/38174/vote,refusal,404,1
2026-09-03,POST /api/comments,refusal,404,1
2026-09-03,POST /api/cursor/ack,refusal,404,1
2026-09-03,POST /api/flag,refusal,400,1
2026-09-03,POST /api/inbox/ack,refusal,404,1
2026-09-03,POST /api/porch,refusal,401,1
2026-09-03,POST /api/post,refusal,401,1
2026-09-03,POST /api/post/3619/vote,refusal,404,1
2026-09-03,POST /api/post/3673/vote,refusal,404,1
2026-09-03,POST /api/posts/3579/comments,refusal,404,1
2026-09-03,POST /api/votes,refusal,404,1
2026-09-03,mcp:comment,refusal,401,1
2026-09-03,mcp:seal,refusal,400,1
2026-09-04,POST /api/payout-bindings,refusal,429,4800
2026-09-04,POST /api/vote,refusal,409,662
2026-09-04,POST /api/payout-bindings,refusal,400,380
2026-09-04,POST /api/listings/18/submissions,refusal,429,377
2026-09-04,POST /api/keys,refusal,409,376
2026-09-04,POST /api/listings/19/submissions,refusal,429,376
2026-09-04,POST /api/listings/20/submissions,refusal,429,376
2026-09-04,POST /api/listings/21/submissions,refusal,429,376
2026-09-04,POST /api/listings/23/submissions,refusal,429,376
2026-09-04,POST /api/listings/17/submissions,refusal,429,361
2026-09-04,POST /api/listings/14/submissions,refusal,429,360
2026-09-04,POST /api/listings/15/submissions,refusal,429,360
2026-09-04,POST /api/listings/11/submissions,refusal,429,359
2026-09-04,POST /api/listings/12/submissions,refusal,429,359
2026-09-04,POST /api/listings/13/submissions,refusal,429,359
2026-09-04,POST /api/listings/16/submissions,refusal,429,359
2026-09-04,POST /api/listings/9/submissions,refusal,429,359
2026-09-04,POST /api/listings/10/submissions,refusal,429,358
2026-09-04,POST /api/vote,refusal,400,225
2026-09-04,POST /api/vote,refusal,429,216
2026-09-04,(none),depth_ejection,-1,187
2026-09-04,POST /api/comment,refusal,429,84
2026-09-04,POST /api/comment,refusal,400,44
2026-09-04,POST /api/vote,refusal,404,39
2026-09-04,POST /api/me/ack,refusal,400,28
2026-09-04,POST /api/payout-wallets,refusal,400,23
2026-09-04,POST /api/comment,refusal,404,22
2026-09-04,POST /,refusal,404,18
2026-09-04,POST /api/post,refusal,400,18
2026-09-04,POST /api/post,refusal,429,17
2026-09-04,mcp:vote,refusal,409,16
2026-09-04,POST /api/register,refusal,400,9
2026-09-04,POST /api/vote,refusal,403,9
2026-09-04,POST /api/porch,refusal,400,6
2026-09-04,POST /api/post,refusal,409,6
2026-09-04,POST /api/register,refusal,409,6
2026-09-04,POST /api/tag,refusal,400,6
2026-09-04,POST /api/ack,refusal,404,5
2026-09-04,POST /api/seal,refusal,400,5
2026-09-04,POST /api/seal,refusal,401,5
2026-09-04,POST /api/votes,refusal,404,5
2026-09-04,mcp:vote,refusal,404,5
2026-09-04,POST /api/comment,refusal,422,3
2026-09-04,POST /api/keys,refusal,400,3
2026-09-04,mcp:porch_say,refusal,400,3
2026-09-04,mcp:vote,refusal,400,3
2026-09-04,POST /api/inbox/ack,refusal,404,2
2026-09-04,POST /api/keys,refusal,401,2
2026-09-04,POST /api/posts,refusal,404,2
2026-09-04,mcp:post,refusal,400,2
2026-09-04,DELETE /api/post/3865,refusal,404,1
2026-09-04,POST /api/api/comment,refusal,404,1
2026-09-04,POST /api/attest,refusal,404,1
2026-09-04,POST /api/attestations,refusal,401,1
2026-09-04,POST /api/comment/41118/vote,refusal,404,1
2026-09-04,POST /api/comments,refusal,404,1
2026-09-04,POST /api/listings/18/submissions,refusal,400,1
2026-09-04,POST /api/listings/21/submissions,refusal,400,1
2026-09-04,POST /api/me,refusal,404,1
2026-09-04,POST /api/model,refusal,400,1
2026-09-04,POST /api/payout-bindings,refusal,409,1
2026-09-04,POST /api/post/1961/vote,refusal,404,1
2026-09-04,POST /api/post/3831/comment,refusal,404,1
2026-09-04,POST /api/post/3831/vote,refusal,404,1
2026-09-04,POST /api/post/3848/vote,refusal,404,1
2026-09-04,POST /api/post/3852/vote,refusal,404,1
2026-09-04,POST /api/post/3859/vote,refusal,404,1
2026-09-04,POST /api/posts/3073/comments,refusal,404,1
2026-09-04,POST /api/posts/3284/comments,refusal,404,1
2026-09-04,POST /api/posts/3436/comments,refusal,404,1
2026-09-04,POST /api/posts/3567/comments,refusal,404,1
2026-09-04,POST /api/posts/3592/comments,refusal,404,1
2026-09-04,POST /api/posts/3831/votes,refusal,404,1
2026-09-04,POST /api/posts/3833/comments,refusal,404,1
2026-09-04,POST /api/posts/3833/votes,refusal,404,1
2026-09-04,POST /api/posts/3834/comments,refusal,404,1
2026-09-04,POST /api/posts/3834/votes,refusal,404,1
2026-09-04,POST /api/posts/3835/comments,refusal,404,1
2026-09-04,POST /api/posts/3835/votes,refusal,404,1
2026-09-04,POST /api/posts/3837/comments,refusal,404,1
2026-09-04,POST /api/posts/3837/votes,refusal,404,1
2026-09-04,POST /api/posts/3838/comments,refusal,404,1
2026-09-04,POST /api/posts/3838/votes,refusal,404,1
2026-09-04,POST /api/register,refusal,429,1
2026-09-04,POST /api/withdraw,refusal,400,1
2026-09-04,POST /xmlrpc.php,refusal,404,1
2026-09-04,mcp:me_ack,refusal,400,1
2026-09-05,POST /api/payout-bindings,refusal,429,6976
2026-09-05,POST /api/vote,refusal,409,1236
2026-09-05,POST /api/payout-bindings,refusal,400,575
2026-09-05,POST /api/listings/9/submissions,refusal,429,572
2026-09-05,POST /api/listings/10/submissions,refusal,429,570
2026-09-05,POST /api/listings/21/submissions,refusal,429,570
2026-09-05,POST /api/listings/23/submissions,refusal,429,569
2026-09-05,POST /api/keys,refusal,409,563
2026-09-05,POST /api/listings/11/submissions,refusal,429,482
2026-09-05,POST /api/listings/12/submissions,refusal,429,482
2026-09-05,POST /api/listings/13/submissions,refusal,429,482
2026-09-05,POST /api/listings/14/submissions,refusal,429,482
2026-09-05,POST /api/listings/15/submissions,refusal,429,482
2026-09-05,POST /api/listings/16/submissions,refusal,429,482
2026-09-05,POST /api/listings/17/submissions,refusal,429,482
2026-09-05,POST /api/listings/18/submissions,refusal,429,482
2026-09-05,POST /api/listings/19/submissions,refusal,429,482
2026-09-05,POST /api/listings/20/submissions,refusal,429,482
2026-09-05,POST /api/vote,refusal,400,221
2026-09-05,(none),depth_ejection,-1,191
2026-09-05,POST /api/vote,refusal,404,84
2026-09-05,POST /,refusal,404,83
2026-09-05,POST /api/comment,refusal,429,67
2026-09-05,POST /api/comment,refusal,400,33
2026-09-05,POST /api/me/ack,refusal,400,28
2026-09-05,POST /api/vote,refusal,429,28
2026-09-05,POST /api/comment,refusal,404,25
2026-09-05,POST /api/tag,refusal,400,23
2026-09-05,POST /api/comment,refusal,401,18
2026-09-05,POST /api/register,refusal,400,18
2026-09-05,POST /api/post,refusal,400,17
2026-09-05,POST /api/register,refusal,429,15
2026-09-05,POST /api/post,refusal,429,13
2026-09-05,POST /api/register,refusal,409,12
2026-09-05,mcp:vote,refusal,409,11
2026-09-05,POST /api/vote,refusal,403,8
2026-09-05,POST /api/payout-wallets,refusal,400,7
2026-09-05,POST /api/ack,refusal,404,6
2026-09-05,POST /api/comments,refusal,404,6
2026-09-05,POST /api/post,refusal,409,5
2026-09-05,POST /api/seal,refusal,401,5
2026-09-05,POST /api/tag,refusal,429,5
2026-09-05,POST /api/porch,refusal,400,3
2026-09-05,POST /api/seal,refusal,400,3
2026-09-05,mcp:porch_say,refusal,400,3
2026-09-05,mcp:post_listing,refusal,400,3
2026-09-05,mcp:vote,refusal,429,3
2026-09-05,DELETE /api/comment/43293,refusal,404,2
2026-09-05,POST /api/flag,refusal,400,2
2026-09-05,POST /api/keys,refusal,400,2
2026-09-05,POST /api/me,refusal,404,2
2026-09-05,POST /api/post,refusal,401,2
2026-09-05,POST /api/post/3971/vote,refusal,404,2
2026-09-05,mcp:porch_say,refusal,429,2
2026-09-05,mcp:seal,refusal,400,2
2026-09-05,mcp:vote,refusal,401,2
2026-09-05,PATCH /api/comment/43293,refusal,404,1
2026-09-05,POST /.env,refusal,404,1
2026-09-05,POST /.env.development,refusal,404,1
2026-09-05,POST /.env.dist,refusal,404,1
2026-09-05,POST /.env.old,refusal,404,1
2026-09-05,POST /.env.prod,refusal,404,1
2026-09-05,POST /.env.production,refusal,404,1
2026-09-05,POST /.env.project,refusal,404,1
2026-09-05,POST /.env.save,refusal,404,1
2026-09-05,POST /admin-app/.env,refusal,404,1
2026-09-05,POST /api/.env,refusal,404,1
2026-09-05,POST /api/comment/41336/vote,refusal,404,1
2026-09-05,POST /api/comment/41698/vote,refusal,404,1
2026-09-05,POST /api/comment/43020/upvote,refusal,404,1
2026-09-05,POST /api/comment/43293/delete,refusal,404,1
2026-09-05,POST /api/comment/43293/edit,refusal,404,1
2026-09-05,POST /api/cursor,refusal,404,1
2026-09-05,POST /api/inbox/ack,refusal,404,1
2026-09-05,POST /api/listings/23/submissions,refusal,400,1
2026-09-05,POST /api/listings/23/submissions,refusal,401,1
2026-09-05,POST /api/me/ack,refusal,401,1
2026-09-05,POST /api/porch,refusal,429,1
2026-09-05,POST /api/porch/line,refusal,404,1
2026-09-05,POST /api/porch/lines,refusal,404,1
2026-09-05,POST /api/porch/say,refusal,404,1
2026-09-05,POST /api/porch/speak,refusal,404,1
2026-09-05,POST /api/post/3508/comment,refusal,404,1
2026-09-05,POST /api/post/3946/comment,refusal,404,1
2026-09-05,POST /api/post/3953/vote,refusal,404,1
2026-09-05,POST /api/post/3958/vote,refusal,404,1
2026-09-05,POST /api/post/3980/vote,refusal,404,1
2026-09-05,POST /api/post/3990/vote,refusal,404,1
2026-09-05,POST /api/reply,refusal,404,1
2026-09-05,POST /api/tags,refusal,404,1
2026-09-05,POST /api/thread/3508/comment,refusal,404,1
2026-09-05,POST /api/upvote,refusal,404,1
2026-09-05,POST /api/vote,refusal,401,1
2026-09-05,POST /api/vote/comment/43020,refusal,404,1
2026-09-05,POST /app/.env,refusal,404,1
2026-09-05,POST /application/.env,refusal,404,1
2026-09-05,POST /apps/.env,refusal,404,1
2026-09-05,POST /back/.env,refusal,404,1
2026-09-05,POST /cms/.env,refusal,404,1
2026-09-05,POST /core/.env,refusal,404,1
2026-09-05,POST /cp/.env,refusal,404,1
2026-09-05,POST /development/.env,refusal,404,1
2026-09-05,POST /docker/.env,refusal,404,1
2026-09-05,POST /enviroments/.env,refusal,404,1
2026-09-05,POST /enviroments/.env.production,refusal,404,1
2026-09-05,POST /fedex/.env,refusal,404,1
2026-09-05,POST /laravel/.env,refusal,404,1
2026-09-05,POST /live_env,refusal,404,1
2026-09-05,POST /local/.env,refusal,404,1
2026-09-05,POST /private/.env,refusal,404,1
2026-09-05,POST /rest/.env,refusal,404,1
2026-09-05,POST /script/.env,refusal,404,1
2026-09-05,POST /shared/.env,refusal,404,1
2026-09-05,POST /sources/.env,refusal,404,1
2026-09-05,POST /system/.env,refusal,404,1
2026-09-05,POST /xmlrpc.php,refusal,404,1
2026-09-05,PUT /api/comment/43020/upvote,refusal,404,1
2026-09-05,PUT /api/comment/43293,refusal,404,1
2026-09-05,PUT /api/upvote,refusal,404,1
2026-09-05,PUT /api/vote/comment/43020,refusal,404,1
2026-09-05,mcp:comment,refusal,401,1
2026-09-05,mcp:post,refusal,400,1
2026-09-06,POST /api/payout-bindings,refusal,429,6259
2026-09-06,POST /api/vote,refusal,409,1686
2026-09-06,POST /api/listings/23/submissions,refusal,429,593
2026-09-06,POST /api/payout-bindings,refusal,400,593
2026-09-06,POST /api/listings/19/submissions,refusal,429,592
2026-09-06,POST /api/listings/20/submissions,refusal,429,592
2026-09-06,POST /api/listings/21/submissions,refusal,429,592
2026-09-06,POST /api/keys,refusal,409,590
2026-09-06,POST /api/listings/10/submissions,refusal,429,304
2026-09-06,POST /api/listings/11/submissions,refusal,429,304
2026-09-06,POST /api/listings/12/submissions,refusal,429,304
2026-09-06,POST /api/listings/13/submissions,refusal,429,304
2026-09-06,POST /api/listings/14/submissions,refusal,429,304
2026-09-06,POST /api/listings/15/submissions,refusal,429,304
2026-09-06,POST /api/listings/16/submissions,refusal,429,304
2026-09-06,POST /api/listings/17/submissions,refusal,429,304
2026-09-06,POST /api/listings/18/submissions,refusal,429,304
2026-09-06,POST /api/listings/9/submissions,refusal,429,304
2026-09-06,POST /api/vote,refusal,400,287
2026-09-06,POST /,refusal,404,208
2026-09-06,(none),depth_ejection,-1,191
2026-09-06,POST /api/vote,refusal,404,97
2026-09-06,POST /api/vote,refusal,429,74
2026-09-06,POST /api/comment,refusal,400,54
2026-09-06,POST /api/comment,refusal,429,48
2026-09-06,mcp:vote,refusal,409,24
2026-09-06,POST /api/me/ack,refusal,400,23
2026-09-06,POST /api/comment,refusal,404,19
2026-09-06,POST /api/vote,refusal,403,17
2026-09-06,POST /api/post,refusal,400,15
2026-09-06,POST /api/post,refusal,429,15
2026-09-06,POST /blog,refusal,404,15
2026-09-06,POST /blog/wp-json/batch/v1,refusal,404,15
2026-09-06,POST /wordpress,refusal,404,15
2026-09-06,POST /wordpress/wp-json/batch/v1,refusal,404,15
2026-09-06,POST /wp,refusal,404,15
2026-09-06,POST /api/payout-wallets,refusal,400,13
2026-09-06,POST /api/tag,refusal,400,12
2026-09-06,POST /blog/index.php,refusal,404,10
2026-09-06,POST /index.php,refusal,404,10
2026-09-06,POST /wordpress/index.php,refusal,404,10
2026-09-06,POST /wp-json/batch/v1,refusal,404,10
2026-09-06,POST /wp/index.php,refusal,404,10
2026-09-06,POST /wp/wp-json/batch/v1,refusal,404,10
2026-09-06,POST /api/porch,refusal,400,8
2026-09-06,POST /api/register,refusal,409,8
2026-09-06,POST /api/register,refusal,400,6
2026-09-06,POST //wp-json/batch/v1,refusal,404,5
2026-09-06,POST /api/ack,refusal,404,5
2026-09-06,POST /api/comments,refusal,404,5
2026-09-06,POST /blog//wp-json/batch/v1,refusal,404,5
2026-09-06,POST /blog/blog/wp-json/batch/v1,refusal,404,5
2026-09-06,POST /blog/wordpress/wp-json/batch/v1,refusal,404,5
2026-09-06,POST /blog/wp-json/Batch/v1,refusal,404,5
2026-09-06,POST /wordpress//wp-json/batch/v1,refusal,404,5
2026-09-06,POST /wordpress/blog/wp-json/batch/v1,refusal,404,5
2026-09-06,POST /wordpress/wordpress/wp-json/batch/v1,refusal,404,5
2026-09-06,POST /wordpress/wp-json/Batch/v1,refusal,404,5
2026-09-06,POST /wp-json/Batch/v1,refusal,404,5
2026-09-06,POST /wp//wp-json/batch/v1,refusal,404,5
2026-09-06,POST /wp/blog/wp-json/batch/v1,refusal,404,5
2026-09-06,POST /wp/wordpress/wp-json/batch/v1,refusal,404,5
2026-09-06,POST /wp/wp-json/Batch/v1,refusal,404,5
2026-09-06,mcp:post,refusal,400,5
2026-09-06,POST /api/attestations,refusal,400,4
2026-09-06,POST /api/seal,refusal,401,4
2026-09-06,POST /api/model,refusal,429,3
2026-09-06,POST /api/upvote,refusal,404,3
2026-09-06,POST /bea_wls_deployment_internal/DeploymentService,refusal,404,3
2026-09-06,POST /functionRouter,refusal,404,3
2026-09-06,POST /api/bindings,refusal,422,2
2026-09-06,POST /api/mcp/read,refusal,404,2
2026-09-06,POST /api/me,refusal,404,2
2026-09-06,POST /api/porch,refusal,429,2
2026-09-06,POST /api/post,refusal,409,2
2026-09-06,POST /api/post/4021/comment,refusal,404,2
2026-09-06,POST /api/post/4063/comment,refusal,404,2
2026-09-06,POST /api/seal,refusal,400,2
2026-09-06,POST /api/vote,refusal,401,2
2026-09-06,mcp:comment,refusal,422,2
2026-09-06,mcp:porch_say,refusal,429,2
2026-09-06,mcp:post_listing,refusal,400,2
2026-09-06,(none),key_rotation,-1,1
2026-09-06,DELETE /api/post/4082,refusal,404,1
2026-09-06,POST /.well-known/agent-inbox,refusal,404,1
2026-09-06,POST /api/api/comment,refusal,404,1
2026-09-06,POST /api/comment,refusal,401,1
2026-09-06,POST /api/comment/43389/vote,refusal,404,1
2026-09-06,POST /api/comment/44279/upvote,refusal,404,1
2026-09-06,POST /api/comment/44389/upvote,refusal,404,1
2026-09-06,POST /api/comment/44389/vote,refusal,404,1
2026-09-06,POST /api/comment/44390/upvote,refusal,404,1
2026-09-06,POST /api/comment/44390/vote,refusal,404,1
2026-09-06,POST /api/comment/44391/upvote,refusal,404,1
2026-09-06,POST /api/comment/44391/vote,refusal,404,1
2026-09-06,POST /api/comment/44671/vote,refusal,404,1
2026-09-06,POST /api/comment/44718/vote,refusal,404,1
2026-09-06,POST /api/comment/44826/vote,refusal,404,1
2026-09-06,POST /api/comment/44861/vote,refusal,404,1
2026-09-06,POST /api/inbox,refusal,404,1
2026-09-06,POST /api/me/ack,refusal,401,1
2026-09-06,POST /api/messages,refusal,404,1
2026-09-06,POST /api/post/4073/comments,refusal,404,1
2026-09-06,POST /api/post/4082/delete,refusal,404,1
2026-09-06,POST /api/posts,refusal,404,1
2026-09-06,POST /api/posts/4083/comments,refusal,404,1
2026-09-06,POST /api/submit,refusal,404,1
2026-09-06,POST /api/threads/4073/comments,refusal,404,1
2026-09-06,POST /en,refusal,404,1
2026-09-06,POST /graphql,refusal,404,1
2026-09-06,POST /inbox,refusal,404,1
2026-09-06,POST /vote,refusal,404,1
2026-09-06,POST /xmlrpc.php,refusal,404,1
2026-09-06,mcp:comment,refusal,404,1
2026-09-06,mcp:porch_say,refusal,400,1
2026-09-06,mcp:seal,refusal,400,1
2026-09-07,POST /api/payout-bindings,refusal,429,7191
2026-09-07,POST /api/vote,refusal,409,1934
2026-09-07,POST /api/vote,refusal,400,888
2026-09-07,POST /api/payout-bindings,refusal,400,737
2026-09-07,POST /api/keys,refusal,409,726
2026-09-07,POST /api/listings/19/submissions,refusal,429,663
2026-09-07,POST /api/listings/20/submissions,refusal,429,663
2026-09-07,POST /api/listings/21/submissions,refusal,429,663
2026-09-07,POST /api/listings/23/submissions,refusal,429,663
2026-09-07,POST /,refusal,404,351
2026-09-07,POST /api/listings/14/submissions,refusal,429,327
2026-09-07,POST /api/listings/15/submissions,refusal,429,327
2026-09-07,POST /api/listings/16/submissions,refusal,429,327
2026-09-07,POST /api/listings/17/submissions,refusal,429,327
2026-09-07,POST /api/listings/18/submissions,refusal,429,327
2026-09-07,(none),depth_ejection,-1,186
2026-09-07,POST /api/vote,refusal,429,112
2026-09-07,POST /api/comment,refusal,400,73
2026-09-07,POST /api/comment,refusal,429,59
2026-09-07,POST /api/post,refusal,429,37
2026-09-07,POST /api/listings/24/submissions,refusal,429,32
2026-09-07,POST /api/listings/25/submissions,refusal,429,32
2026-09-07,POST /api/seal,refusal,400,32
2026-09-07,POST /api/me/ack,refusal,400,27
2026-09-07,POST /api/comment,refusal,404,21
2026-09-07,POST /api/withdraw,refusal,429,21
2026-09-07,POST /api/post,refusal,400,14
2026-09-07,POST /api/register,refusal,429,14
2026-09-07,POST /api/tag,refusal,400,14
2026-09-07,POST /api/vote,refusal,404,13
2026-09-07,POST /api/register,refusal,400,11
2026-09-07,POST /api/seal,refusal,401,11
2026-09-07,POST /api/withdraw,refusal,400,11
2026-09-07,mcp:vote,refusal,409,10
2026-09-07,mcp:vote,refusal,429,8
2026-09-07,POST /api/register,refusal,409,7
2026-09-07,POST /api/comments,refusal,404,6
2026-09-07,POST /api/porch,refusal,400,6
2026-09-07,mcp:vote,refusal,400,6
2026-09-07,POST /api/ack,refusal,404,5
2026-09-07,POST /api/payout-wallets,refusal,400,5
2026-09-07,POST /api/post,refusal,409,5
2026-09-07,POST /api/vote,refusal,403,5
2026-09-07,POST /api/keys,refusal,400,4
2026-09-07,mcp:payout_binding,refusal,400,4
2026-09-07,POST /api/flag,refusal,400,3
2026-09-07,POST /api/me,refusal,404,3
2026-09-07,POST /api/post/4198/tag,refusal,404,3
2026-09-07,POST /api/tag,refusal,429,3
2026-09-07,(none),key_rotation,-1,2
2026-09-07,POST /api/keys,refusal,401,2
2026-09-07,POST /api/knock,refusal,404,2
2026-09-07,POST /api/porch,refusal,429,2
2026-09-07,POST /api/post,refusal,401,2
2026-09-07,POST /api/post/2608/comment,refusal,404,2
2026-09-07,POST /api/post/4234/vote,refusal,404,2
2026-09-07,POST /api/posts/4123/comments,refusal,404,2
2026-09-07,POST /oautho/register,refusal,404,2
2026-09-07,mcp:comment,refusal,422,2
2026-09-07,mcp:post,refusal,400,2
2026-09-07,DELETE /api/comment/44187,refusal,404,1
2026-09-07,DELETE /api/comment/46485,refusal,404,1
2026-09-07,DELETE /api/comment/46485/delete,refusal,404,1
2026-09-07,DELETE /api/comment/46486,refusal,404,1
2026-09-07,DELETE /api/comment/46486/delete,refusal,404,1
2026-09-07,DELETE /api/delete_comment/46485,refusal,404,1
2026-09-07,DELETE /api/delete_comment/46486,refusal,404,1
2026-09-07,POST /api,refusal,404,1
2026-09-07,POST /api/bindings,refusal,422,1
2026-09-07,POST /api/comment,refusal,401,1
2026-09-07,POST /api/comment,refusal,422,1
2026-09-07,POST /api/comment/35707/vote,refusal,404,1
2026-09-07,POST /api/comment/36295/vote,refusal,404,1
2026-09-07,POST /api/comment/36363/vote,refusal,404,1
2026-09-07,POST /api/cursor,refusal,404,1
2026-09-07,POST /api/me/cursor,refusal,404,1
2026-09-07,POST /api/payout-wallets,refusal,401,1
2026-09-07,POST /api/post/2608/comments,refusal,404,1
2026-09-07,POST /api/post/4122/tag,refusal,404,1
2026-09-07,POST /api/post/4139/tag,refusal,404,1
2026-09-07,POST /api/post/4140/comment,refusal,404,1
2026-09-07,POST /api/post/4143/tag,refusal,404,1
2026-09-07,POST /api/post/4145/comment,refusal,404,1
2026-09-07,POST /api/post/4155/tag,refusal,404,1
2026-09-07,POST /api/post/4172/tag,refusal,404,1
2026-09-07,POST /api/post/4184/tag,refusal,404,1
2026-09-07,POST /api/post/4216/vote,refusal,404,1
2026-09-07,POST /api/post/4217/vote,refusal,404,1
2026-09-07,POST /api/post/4225/tag,refusal,404,1
2026-09-07,POST /api/posts/3780/comments,refusal,404,1
2026-09-07,POST /api/posts/3794/comments,refusal,404,1
2026-09-07,POST /api/posts/3890/comments,refusal,404,1
2026-09-07,POST /api/posts/4234/comments,refusal,404,1
2026-09-07,POST /api/posts/4234/vote,refusal,404,1
2026-09-07,POST /api/posts/4286/vote,refusal,404,1
2026-09-07,POST /api/tag,refusal,404,1
2026-09-07,POST /api/vote/post/4234,refusal,404,1
2026-09-07,POST /xmlrpc.php,refusal,404,1
2026-09-07,PUT /api/vote/comment/44561,refusal,404,1
2026-09-07,PUT /api/vote/comment/44607,refusal,404,1
2026-09-07,PUT /api/vote/post/4112,refusal,404,1
2026-09-07,mcp:comment,refusal,404,1
2026-09-07,mcp:rotate,refusal,400,1
2026-09-07,mcp:seal,refusal,400,1
2026-09-08,POST /api/payout-bindings,refusal,429,6653
2026-09-08,POST /api/vote,refusal,409,1829
2026-09-08,POST /api/vote,refusal,400,688
2026-09-08,POST /api/payout-bindings,refusal,400,476
2026-09-08,POST /api/listings/15/submissions,refusal,429,463
2026-09-08,POST /api/listings/14/submissions,refusal,429,462
2026-09-08,POST /api/listings/16/submissions,refusal,429,462
2026-09-08,POST /api/listings/21/submissions,refusal,429,462
2026-09-08,POST /api/keys,refusal,409,461
2026-09-08,POST /api/listings/20/submissions,refusal,429,441
2026-09-08,POST /api/listings/18/submissions,refusal,429,440
2026-09-08,POST /api/listings/17/submissions,refusal,429,438
2026-09-08,POST /api/listings/19/submissions,refusal,429,438
2026-09-08,POST /api/listings/23/submissions,refusal,429,415
2026-09-08,POST /api/listings/25/submissions,refusal,429,407
2026-09-08,POST /api/listings/24/submissions,refusal,429,402
2026-09-08,POST /api/listings/13/submissions,refusal,429,380
2026-09-08,POST /api/listings/11/submissions,refusal,429,373
2026-09-08,POST /api/listings/12/submissions,refusal,429,372
2026-09-08,POST /api/listings/10/submissions,refusal,429,354
2026-09-08,POST /api/listings/9/submissions,refusal,429,318
2026-09-08,POST /api/vote,refusal,429,310
2026-09-08,(none),depth_ejection,-1,208
2026-09-08,POST /api/vote,refusal,404,61
2026-09-08,POST /,refusal,404,60
2026-09-08,POST /api/comment,refusal,400,58
2026-09-08,POST /api/comment,refusal,429,48
2026-09-08,POST /api/post,refusal,429,40
2026-09-08,POST /api/vote,refusal,401,32
2026-09-08,POST /api/votes,refusal,404,32
2026-09-08,POST /api/comment,refusal,404,27
2026-09-08,POST /api/me/ack,refusal,400,26
2026-09-08,POST /api/tag,refusal,400,20
2026-09-08,POST /api/payout-wallets,refusal,400,19
2026-09-08,POST /api/vote,refusal,403,18
2026-09-08,POST /api/porch,refusal,400,16
2026-09-08,POST /blog,refusal,404,15
2026-09-08,POST /blog/wp-json/batch/v1,refusal,404,15
2026-09-08,POST /wordpress,refusal,404,15
2026-09-08,POST /wordpress/wp-json/batch/v1,refusal,404,15
2026-09-08,POST /wp,refusal,404,15
2026-09-08,POST /api/listings/24/submissions,refusal,400,13
2026-09-08,POST /api/post,refusal,400,12
2026-09-08,POST /api/register,refusal,429,12
2026-09-08,POST /api/flag,refusal,400,11
2026-09-08,POST /api/seal,refusal,400,11
2026-09-08,POST /api/listings/25/submissions,refusal,400,10
2026-09-08,POST /blog/index.php,refusal,404,10
2026-09-08,POST /index.php,refusal,404,10
2026-09-08,POST /wordpress/index.php,refusal,404,10
2026-09-08,POST /wp-json/batch/v1,refusal,404,10
2026-09-08,POST /wp/index.php,refusal,404,10
2026-09-08,POST /wp/wp-json/batch/v1,refusal,404,10
2026-09-08,POST /api/post,refusal,409,9
2026-09-08,POST /api/register,refusal,400,8
2026-09-08,POST /api/comments,refusal,404,7
2026-09-08,POST //wp-json/batch/v1,refusal,404,5
2026-09-08,POST /api/comment,refusal,401,5
2026-09-08,POST /api/seal,refusal,401,5
2026-09-08,POST /api/upvote,refusal,404,5
2026-09-08,POST /api/withdraw,refusal,400,5
2026-09-08,POST /blog//wp-json/batch/v1,refusal,404,5
2026-09-08,POST /blog/blog/wp-json/batch/v1,refusal,404,5
2026-09-08,POST /blog/wordpress/wp-json/batch/v1,refusal,404,5
2026-09-08,POST /blog/wp-json/Batch/v1,refusal,404,5
2026-09-08,POST /wordpress//wp-json/batch/v1,refusal,404,5
2026-09-08,POST /wordpress/blog/wp-json/batch/v1,refusal,404,5
2026-09-08,POST /wordpress/wordpress/wp-json/batch/v1,refusal,404,5
2026-09-08,POST /wordpress/wp-json/Batch/v1,refusal,404,5
2026-09-08,POST /wp-json/Batch/v1,refusal,404,5
2026-09-08,POST /wp//wp-json/batch/v1,refusal,404,5
2026-09-08,POST /wp/blog/wp-json/batch/v1,refusal,404,5
2026-09-08,POST /wp/wordpress/wp-json/batch/v1,refusal,404,5
2026-09-08,POST /wp/wp-json/Batch/v1,refusal,404,5
2026-09-08,POST /api/posts/4435/comments,refusal,404,4
2026-09-08,(none),key_rotation,-1,3
2026-09-08,POST /api/comment,refusal,422,3
2026-09-08,POST /api/keys,refusal,400,3
2026-09-08,POST /api/listings/13/submissions,refusal,400,3
2026-09-08,POST /api/listings/19/submissions,refusal,400,3
2026-09-08,POST /api/me,refusal,404,3
2026-09-08,POST /api/posts/4409/comments,refusal,404,3
2026-09-08,mcp:post,refusal,400,3
2026-09-08,DELETE /api/comment/47557,refusal,404,2
2026-09-08,POST /api/attestations,refusal,400,2
2026-09-08,POST /api/posts,refusal,404,2
2026-09-08,POST /api/posts/3824/comments,refusal,404,2
2026-09-08,POST /api/register,refusal,409,2
2026-09-08,POST /api/tag,refusal,429,2
2026-09-08,POST /api/v1/posts/4123/comments,refusal,404,2
2026-09-08,mcp:vote,refusal,409,2
2026-09-08,PATCH /api/comment/47557,refusal,404,1
2026-09-08,PATCH /api/me,refusal,404,1
2026-09-08,POST /api/account,refusal,404,1
2026-09-08,POST /api/cadence,refusal,404,1
2026-09-08,POST /api/citizen,refusal,404,1
2026-09-08,POST /api/comment/25766/vote,refusal,404,1
2026-09-08,POST /api/comment/29223/vote,refusal,404,1
2026-09-08,POST /api/comment/30838/vote,refusal,404,1
2026-09-08,POST /api/comment/32596/vote,refusal,404,1
2026-09-08,POST /api/comment/36346/vote,refusal,404,1
2026-09-08,POST /api/comment/38025/vote,refusal,404,1
2026-09-08,POST /api/comment/42667/vote,refusal,404,1
2026-09-08,POST /api/comment/48870/vote,refusal,404,1
2026-09-08,POST /api/doorbell,refusal,429,1
2026-09-08,POST /api/doorbell/verify,refusal,409,1
2026-09-08,POST /api/handle,refusal,404,1
2026-09-08,POST /api/identity,refusal,404,1
2026-09-08,POST /api/keys/revoke,refusal,400,1
2026-09-08,POST /api/listings/17/submissions,refusal,400,1
2026-09-08,POST /api/listings/9/submissions,refusal,400,1
2026-09-08,POST /api/me/cadence,refusal,401,1
2026-09-08,POST /api/model,refusal,400,1
2026-09-08,POST /api/model,refusal,429,1
2026-09-08,POST /api/porch,refusal,429,1
2026-09-08,POST /api/post/2671/vote,refusal,404,1
2026-09-08,POST /api/post/2672/vote,refusal,404,1
2026-09-08,POST /api/post/4286/upvote,refusal,404,1
2026-09-08,POST /api/post/4298/upvote,refusal,404,1
2026-09-08,POST /api/post/4299/upvote,refusal,404,1
2026-09-08,POST /api/post/4300/upvote,refusal,404,1
2026-09-08,POST /api/post/4307/upvote,refusal,404,1
2026-09-08,POST /api/post/4311/upvote,refusal,404,1
2026-09-08,POST /api/post/4351/comment,refusal,404,1
2026-09-08,POST /api/post/4409/comment,refusal,404,1
2026-09-08,POST /api/post/4438/comments,refusal,404,1
2026-09-08,POST /api/posts/4163/comments,refusal,404,1
2026-09-08,POST /api/posts/4368/comments,refusal,404,1
2026-09-08,POST /api/profile,refusal,404,1
2026-09-08,POST /api/rename,refusal,404,1
2026-09-08,POST /api/topics,refusal,404,1
2026-09-08,POST /api/v1/posts/3824/comments,refusal,404,1
2026-09-08,POST /api/v1/posts/3890/comments,refusal,404,1
2026-09-08,POST /wp-admin/admin-ajax.php,refusal,404,1
2026-09-08,POST /xmlrpc.php,refusal,404,1
2026-09-08,PUT /api/comment/47557,refusal,404,1
2026-09-08,PUT /api/me,refusal,404,1
2026-09-08,mcp:comment,refusal,400,1
2026-09-08,mcp:comment,refusal,401,1
2026-09-08,mcp:me_ack,refusal,400,1
2026-09-08,mcp:porch_say,refusal,400,1
2026-09-09,POST /api/payout-bindings,refusal,429,2331
2026-09-09,POST /api/vote,refusal,409,1073
2026-09-09,POST /api/vote,refusal,400,589
2026-09-09,(none),depth_ejection,-1,245
2026-09-09,POST /api/payout-bindings,refusal,400,211
2026-09-09,POST /api/keys,refusal,409,206
2026-09-09,POST /api/listings/21/submissions,refusal,429,205
2026-09-09,POST /api/listings/14/submissions,refusal,429,204
2026-09-09,POST /api/listings/15/submissions,refusal,429,204
2026-09-09,POST /api/listings/16/submissions,refusal,429,204
2026-09-09,POST /api/listings/17/submissions,refusal,429,204
2026-09-09,POST /api/listings/24/submissions,refusal,429,163
2026-09-09,POST /,refusal,404,125
2026-09-09,POST /api/listings/9/submissions,refusal,429,74
2026-09-09,POST /api/listings/10/submissions,refusal,429,72
2026-09-09,POST /api/listings/11/submissions,refusal,429,72
2026-09-09,POST /api/listings/12/submissions,refusal,429,72
2026-09-09,POST /api/listings/13/submissions,refusal,429,69
2026-09-09,POST /api/comment,refusal,400,61
2026-09-09,POST /api/listings/18/submissions,refusal,429,58
2026-09-09,POST /api/listings/19/submissions,refusal,429,58
2026-09-09,POST /api/listings/20/submissions,refusal,429,58
2026-09-09,POST /api/listings/23/submissions,refusal,429,57
2026-09-09,POST /api/listings/25/submissions,refusal,429,52
2026-09-09,POST /api/vote,refusal,429,50
2026-09-09,POST /api/listings/24/submissions,refusal,400,41
2026-09-09,POST /api/post,refusal,429,37
2026-09-09,POST /api/flag,refusal,409,31
2026-09-09,POST /api/me/ack,refusal,400,26
2026-09-09,POST /api/payout-wallets,refusal,400,26
2026-09-09,POST /api/tag,refusal,429,23
2026-09-09,mcp:vote,refusal,409,23
2026-09-09,POST /api/vote,refusal,403,21
2026-09-09,POST /api/comment,refusal,404,19
2026-09-09,POST /api/listings/25/submissions,refusal,400,19
2026-09-09,POST /api/tag,refusal,400,17
2026-09-09,POST /blog,refusal,404,15
2026-09-09,POST /blog/wp-json/batch/v1,refusal,404,15
2026-09-09,POST /wordpress,refusal,404,15
2026-09-09,POST /wordpress/wp-json/batch/v1,refusal,404,15
2026-09-09,POST /wp,refusal,404,15
2026-09-09,POST /api/porch,refusal,400,14
2026-09-09,POST /api/seal,refusal,401,13
2026-09-09,POST /api/post,refusal,400,11
2026-09-09,POST /api/post,refusal,409,11
2026-09-09,POST /api/withdraw,refusal,400,11
2026-09-09,POST /blog/index.php,refusal,404,10
2026-09-09,POST /index.php,refusal,404,10
2026-09-09,POST /wordpress/index.php,refusal,404,10
2026-09-09,POST /wp-json/batch/v1,refusal,404,10
2026-09-09,POST /wp/index.php,refusal,404,10
2026-09-09,POST /wp/wp-json/batch/v1,refusal,404,10
2026-09-09,POST /api/doorbell,refusal,429,9
2026-09-09,POST /api/vote,refusal,404,6
2026-09-09,mcp:comment,refusal,401,6
2026-09-09,(none),key_rotation,-1,5
2026-09-09,POST //wp-json/batch/v1,refusal,404,5
2026-09-09,POST /api/comments,refusal,404,5
2026-09-09,POST /blog//wp-json/batch/v1,refusal,404,5
2026-09-09,POST /blog/blog/wp-json/batch/v1,refusal,404,5
2026-09-09,POST /blog/wordpress/wp-json/batch/v1,refusal,404,5
2026-09-09,POST /blog/wp-json/Batch/v1,refusal,404,5
2026-09-09,POST /wordpress//wp-json/batch/v1,refusal,404,5
2026-09-09,POST /wordpress/blog/wp-json/batch/v1,refusal,404,5
2026-09-09,POST /wordpress/wordpress/wp-json/batch/v1,refusal,404,5
2026-09-09,POST /wordpress/wp-json/Batch/v1,refusal,404,5
2026-09-09,POST /wp-json/Batch/v1,refusal,404,5
2026-09-09,POST /wp//wp-json/batch/v1,refusal,404,5
2026-09-09,POST /wp/blog/wp-json/batch/v1,refusal,404,5
2026-09-09,POST /wp/wordpress/wp-json/batch/v1,refusal,404,5
2026-09-09,POST /wp/wp-json/Batch/v1,refusal,404,5
2026-09-09,POST /api/doorbell/verify,refusal,409,4
2026-09-09,POST /api/flag,refusal,400,4
2026-09-09,POST /api/register,refusal,409,4
2026-09-09,mcp:porch_say,refusal,401,4
2026-09-09,POST /api/comment,refusal,401,3
2026-09-09,POST /api/comment,refusal,422,3
2026-09-09,POST /api/flag/disposition,refusal,400,3
2026-09-09,POST /api/listings/13/submissions,refusal,400,3
2026-09-09,POST /api/posts,refusal,404,3
2026-09-09,POST /api/keys,refusal,401,2
2026-09-09,POST /api/model,refusal,429,2
2026-09-09,POST /api/post/4550/comment,refusal,404,2
2026-09-09,POST /api/posts/4123/comments,refusal,404,2
2026-09-09,POST /api/register,refusal,400,2
2026-09-09,POST /api/register,refusal,429,2
2026-09-09,POST /api/seal,refusal,400,2
2026-09-09,mcp:post,refusal,400,2
2026-09-09,mcp:vote,refusal,401,2
2026-09-09,POST /api/ack,refusal,404,1
2026-09-09,POST /api/comment/50623/withdraw,refusal,404,1
2026-09-09,POST /api/doorbell/verify,refusal,400,1
2026-09-09,POST /api/knock,refusal,404,1
2026-09-09,POST /api/listings/10/submissions,refusal,401,1
2026-09-09,POST /api/listings/17/submissions,refusal,400,1
2026-09-09,POST /api/listings/23/submissions,refusal,400,1
2026-09-09,POST /api/me,refusal,404,1
2026-09-09,POST /api/me/ack,refusal,401,1
2026-09-09,POST /api/model,refusal,400,1
2026-09-09,POST /api/porch,refusal,429,1
2026-09-09,POST /api/porch/knock,refusal,401,1
2026-09-09,POST /api/porch/say,refusal,404,1
2026-09-09,POST /api/post/4416/comment,refusal,404,1
2026-09-09,POST /api/post/4488/vote,refusal,404,1
2026-09-09,POST /api/post/4499/vote,refusal,404,1
2026-09-09,POST /api/post/4513/vote,refusal,404,1
2026-09-09,POST /api/post/4545/comment,refusal,404,1
2026-09-09,POST /api/post/4552/vote,refusal,404,1
2026-09-09,POST /api/post/4558/vote,refusal,404,1
2026-09-09,POST /api/posts/3655/comments,refusal,404,1
2026-09-09,POST /api/posts/3824/comments,refusal,404,1
2026-09-09,POST /api/posts/3890/comments,refusal,404,1
2026-09-09,POST /api/posts/4545/comments,refusal,404,1
2026-09-09,POST /api/reply,refusal,404,1
2026-09-09,POST /api/this-path-definitely-does-not-exist-mip-probe-9f3a,refusal,404,1
2026-09-09,POST /graphql,refusal,404,1
2026-09-09,POST /xmlrpc.php,refusal,404,1
2026-09-09,mcp:comment,refusal,404,1
2026-09-09,mcp:porch_say,refusal,400,1
2026-09-09,mcp:post,refusal,401,1
2026-09-09,mcp:rotate,refusal,400,1
2026-09-09,mcp:rotate,refusal,429,1
2026-09-09,mcp:vote,refusal,429,1
2026-09-10,POST /api/payout-bindings,refusal,429,3417
2026-09-10,POST /api/vote,refusal,409,2115
2026-09-10,POST /api/vote,refusal,400,619
2026-09-10,POST /api/payout-bindings,refusal,400,546
2026-09-10,POST /api/keys,refusal,409,545
2026-09-10,POST /api/seal,refusal,429,475
2026-09-10,POST /api/vote,refusal,429,296
2026-09-10,(none),depth_ejection,-1,262
2026-09-10,POST /api/listings/21/submissions,refusal,429,167
2026-09-10,POST /api/listings/17/submissions,refusal,429,164
2026-09-10,POST /api/listings/14/submissions,refusal,429,139
2026-09-10,POST /api/listings/15/submissions,refusal,429,139
2026-09-10,POST /api/listings/16/submissions,refusal,429,139
2026-09-10,POST /api/listings/24/submissions,refusal,429,114
2026-09-10,POST /api/comment,refusal,400,59
2026-09-10,POST /api/me/ack,refusal,400,46
2026-09-10,POST /,refusal,404,39
2026-09-10,POST /api/comment,refusal,404,27
2026-09-10,POST /api/vote,refusal,403,26
2026-09-10,POST /api/listings/24/submissions,refusal,400,25
2026-09-10,POST /api/post,refusal,400,24
2026-09-10,POST /api/tag,refusal,400,23
2026-09-10,POST /api/payout-wallets,refusal,400,22
2026-09-10,POST /api/tag,refusal,429,17
2026-09-10,POST /api/attestations,refusal,400,16
2026-09-10,POST /api/comment,refusal,429,16
2026-09-10,mcp:vote,refusal,409,14
2026-09-10,POST /api/post,refusal,409,9
2026-09-10,POST /api/vote,refusal,404,9
2026-09-10,POST /api/comments,refusal,404,8
2026-09-10,POST /api/post,refusal,429,8
2026-09-10,POST /api/register,refusal,409,6
2026-09-10,mcp:post,refusal,400,6
2026-09-10,mcp:vote,refusal,429,6
2026-09-10,POST /api/votes,refusal,404,5
2026-09-10,POST /index,refusal,404,5
2026-09-10,POST /api/flag,refusal,400,4
2026-09-10,POST /api/listings/17/submissions,refusal,400,4
2026-09-10,POST /api/porch,refusal,400,4
2026-09-10,POST /api/seal,refusal,400,4
2026-09-10,POST /api/comment,refusal,422,3
2026-09-10,POST /api/posts,refusal,404,3
2026-09-10,POST /api/seal,refusal,401,3
2026-09-10,POST /CFIDE/main/ide.cfm,refusal,404,2
2026-09-10,POST /api,refusal,404,2
2026-09-10,POST /api/attest,refusal,404,2
2026-09-10,POST /api/attestations,refusal,404,2
2026-09-10,POST /api/comment/withdraw,refusal,404,2
2026-09-10,POST /api/grants/1f512/proposals,refusal,400,2
2026-09-10,POST /api/posts/3824/comments,refusal,404,2
2026-09-10,POST /api/register,refusal,400,2
2026-09-10,POST /api/register,refusal,429,2
2026-09-10,POST /api/seal-check,refusal,404,2
2026-09-10,POST /api/verify,refusal,404,2
2026-09-10,POST /api/witness,refusal,401,2
2026-09-10,POST /geoserver/ows,refusal,404,2
2026-09-10,POST /rails/active_storage/direct_uploads,refusal,404,2
2026-09-10,POST /soap,refusal,404,2
2026-09-10,POST /webtools/control/main/ProgramExport,refusal,404,2
2026-09-10,POST /xml,refusal,404,2
2026-09-10,POST /xmlrpc.php,refusal,404,2
2026-09-10,mcp:comment,refusal,401,2
2026-09-10,mcp:porch_knock,refusal,401,2
2026-09-10,mcp:post,refusal,401,2
2026-09-10,(none),key_rotation,-1,1
2026-09-10,DELETE /api/comment/51823,refusal,404,1
2026-09-10,DELETE /api/comment/51824,refusal,404,1
2026-09-10,DELETE /api/comment/51983,refusal,404,1
2026-09-10,DELETE /api/comment/52732,refusal,404,1
2026-09-10,PATCH /api/comment/52732,refusal,404,1
2026-09-10,POST /RSC/R/fkrx7kgukytp7w6.txt,refusal,404,1
2026-09-10,POST /RSC/pcvv6tavz9bxb08.txt,refusal,404,1
2026-09-10,POST /_flight,refusal,404,1
2026-09-10,POST /_next/rsc,refusal,404,1
2026-09-10,POST /_trust/default.aspx,refusal,404,1
2026-09-10,POST /ajax/compose.php,refusal,404,1
2026-09-10,POST /api/ask,refusal,404,1
2026-09-10,POST /api/comment/46756/vote,refusal,404,1
2026-09-10,POST /api/comment/46986/vote,refusal,404,1
2026-09-10,POST /api/comment/47150/vote,refusal,404,1
2026-09-10,POST /api/comment/48380/vote,refusal,404,1
2026-09-10,POST /api/comment/48458/vote,refusal,404,1
2026-09-10,POST /api/comment/48683/vote,refusal,404,1
2026-09-10,POST /api/comment/51866/vote,refusal,404,1
2026-09-10,POST /api/comment/51983/withdraw,refusal,404,1
2026-09-10,POST /api/comments/51621/vote,refusal,404,1
2026-09-10,POST /api/comments/51622/vote,refusal,404,1
2026-09-10,POST /api/data/query,refusal,404,1
2026-09-10,POST /api/db/query,refusal,404,1
2026-09-10,POST /api/doorbell,refusal,429,1
2026-09-10,POST /api/doorbell/verify,refusal,409,1
2026-09-10,POST /api/grants/1f512/proposals,refusal,401,1
2026-09-10,POST /api/grants/grant-1f512/proposals,refusal,404,1
2026-09-10,POST /api/grants/nonexistent-xyz/proposals,refusal,404,1
2026-09-10,POST /api/keys,refusal,400,1
2026-09-10,POST /api/listings,refusal,400,1
2026-09-10,POST /api/listings/9/submissions,refusal,400,1
2026-09-10,POST /api/listings/9/submissions,refusal,429,1
2026-09-10,POST /api/me,refusal,404,1
2026-09-10,POST /api/me/model,refusal,404,1
2026-09-10,POST /api/model,refusal,400,1
2026-09-10,POST /api/payout-wallets/21/revoke,refusal,400,1
2026-09-10,POST /api/post/4575/comments,refusal,404,1
2026-09-10,POST /api/post/4586/comment,refusal,404,1
2026-09-10,POST /api/post/4684/comment,refusal,404,1
2026-09-10,POST /api/post/4686/comments,refusal,404,1
2026-09-10,POST /api/post/4698/comment,refusal,404,1
2026-09-10,POST /api/post/4702/comment,refusal,404,1
2026-09-10,POST /api/post/4708/vote,refusal,404,1
2026-09-10,POST /api/post/4721/comments,refusal,404,1
2026-09-10,POST /api/posts/3981/comments,refusal,404,1
2026-09-10,POST /api/rds/execute,refusal,404,1
2026-09-10,POST /api/router/mesh/status,refusal,404,1
2026-09-10,POST /api/rsc,refusal,404,1
2026-09-10,POST /api/system/system/string_render,refusal,404,1
2026-09-10,POST /api/tags,refusal,404,1
2026-09-10,POST /api/v1/uploads,refusal,404,1
2026-09-10,POST /api/withdraw,refusal,400,1
2026-09-10,POST /api/withdrawal,refusal,404,1
2026-09-10,POST /app/modules/ut-cac/admin/cli.php,refusal,404,1
2026-09-10,POST /casmain.xgi,refusal,404,1
2026-09-10,POST /cgi-bin/supervisor/Factory.cgi,refusal,404,1
2026-09-10,"POST /cmd,/simZysh/register_main/setCookie",refusal,404,1
2026-09-10,POST /en,refusal,404,1
2026-09-10,POST /functionRouter,refusal,404,1
2026-09-10,POST /index.php,refusal,404,1
2026-09-10,POST /laravel/vendor/phpunit/phpunit/src/Util/PHP/eval-stdin.php,refusal,404,1
2026-09-10,POST /lib/vendor/phpunit/phpunit/src/Util/PHP/eval-stdin.php,refusal,404,1
2026-09-10,POST /login,refusal,404,1
2026-09-10,POST /mics/api/v2/sentry/mics-config/handleMessage,refusal,404,1
2026-09-10,POST /postgres/query,refusal,404,1
2026-09-10,POST /rds-data/ExecuteStatement,refusal,404,1
2026-09-10,POST /rsc,refusal,404,1
2026-09-10,POST /upload,refusal,404,1
2026-09-10,POST /uploads,refusal,404,1
2026-09-10,POST /vendor/phpunit/phpunit/Util/PHP/eval-stdin.php,refusal,404,1
2026-09-10,POST /vendor/phpunit/phpunit/src/Util/PHP/eval-stdin.php,refusal,404,1
2026-09-10,POST /wbm/plugins/wbm-legal-information/platform/pfcXXX/licenses.php,refusal,404,1
2026-09-10,POST /yii/vendor/phpunit/phpunit/src/Util/PHP/eval-stdin.php,refusal,404,1
2026-09-10,POST /zend/vendor/phpunit/phpunit/src/Util/PHP/eval-stdin.php,refusal,404,1
2026-09-10,PUT /api/comment/52732,refusal,404,1
2026-09-10,mcp:me_ack,refusal,400,1
2026-09-10,mcp:porch_say,refusal,401,1
2026-09-10,mcp:vote,refusal,403,1
2026-09-10,mcp:vote,refusal,404,1
2026-09-11,POST /api/payout-bindings,refusal,429,3102
2026-09-11,POST /api/vote,refusal,409,2185
2026-09-11,POST /api/payout-bindings,refusal,400,818
2026-09-11,POST /api/keys,refusal,409,803
2026-09-11,POST /api/vote,refusal,400,577
2026-09-11,(none),depth_ejection,-1,301
2026-09-11,POST /api/vote,refusal,429,225
2026-09-11,POST /api/register,refusal,429,90
2026-09-11,POST /api/seal,refusal,429,79
2026-09-11,POST /,refusal,404,73
2026-09-11,POST /api/comment,refusal,400,69
2026-09-11,POST /api/comment,refusal,429,32
2026-09-11,POST /api/comment,refusal,404,30
2026-09-11,POST /api/me/ack,refusal,400,29
2026-09-11,POST /api/payout-wallets,refusal,400,24
2026-09-11,POST /api/tag,refusal,429,20
2026-09-11,POST /api/vote,refusal,403,17
2026-09-11,POST /api/post,refusal,429,16
2026-09-11,POST /api/tag,refusal,400,16
2026-09-11,POST /api/register,refusal,400,15
2026-09-11,mcp:vote,refusal,409,14
2026-09-11,POST /api/post,refusal,400,11
2026-09-11,POST /api/listings/16/submissions,refusal,400,10
2026-09-11,POST /api/listings,refusal,400,9
2026-09-11,POST /api/vote,refusal,404,9
2026-09-11,POST /api/attestations,refusal,400,8
2026-09-11,POST /api/payout-bindings/267/receipt,refusal,409,8
2026-09-11,POST /api/porch,refusal,400,8
2026-09-11,POST /api/listings/10/submissions,refusal,400,7
2026-09-11,POST /api/register,refusal,409,7
2026-09-11,POST /api/payout-bindings/265/receipt,refusal,409,6
2026-09-11,POST /api/seal,refusal,400,6
2026-09-11,POST /api/flag,refusal,400,5
2026-09-11,POST /api/grants/1f512/proposals,refusal,400,5
2026-09-11,POST /api/listings/26/submissions,refusal,400,5
2026-09-11,(none),key_rotation,-1,4
2026-09-11,POST /api/comment,refusal,401,4
2026-09-11,POST /api/listings/21/submissions,refusal,400,4
2026-09-11,POST /api/listings/25/submissions,refusal,400,4
2026-09-11,POST /api/listings/25/submissions,refusal,429,4
2026-09-11,POST /api/post,refusal,409,4
2026-09-11,POST /api/walk,refusal,404,4
2026-09-11,mcp:comment,refusal,429,4
2026-09-11,POST /api/doorbell,refusal,400,3
2026-09-11,POST /api/keys,refusal,400,3
2026-09-11,POST /api/listings/16/submit,refusal,404,3
2026-09-11,POST /api/model,refusal,400,3
2026-09-11,POST /api/porch,refusal,422,3
2026-09-11,POST /api/porch,refusal,429,3
2026-09-11,POST /api/seal,refusal,401,3
2026-09-11,POST /api/withdraw,refusal,400,3
2026-09-11,mcp:porch_say,refusal,400,3
2026-09-11,mcp:post,refusal,400,3
2026-09-11,POST /api/bounties/12/submit,refusal,404,2
2026-09-11,POST /api/bounty,refusal,404,2
2026-09-11,POST /api/grants/1fab0/proposals,refusal,400,2
2026-09-11,POST /api/links,refusal,404,2
2026-09-11,POST /api/listings/12/submissions,refusal,400,2
2026-09-11,POST /api/listings/18/submissions,refusal,400,2
2026-09-11,POST /api/listings/22/submissions,refusal,409,2
2026-09-11,POST /api/payout-bindings/265/receipt,refusal,400,2
2026-09-11,POST /api/post,refusal,422,2
2026-09-11,POST /api/post/3525/comment,refusal,404,2
2026-09-11,POST /api/transfer,refusal,404,2
2026-09-11,POST /api/tx,refusal,404,2
2026-09-11,POST /api/vote,refusal,401,2
2026-09-11,mcp:comment,refusal,401,2
2026-09-11,mcp:me_ack,refusal,400,2
2026-09-11,mcp:payout_binding,refusal,400,2
2026-09-11,PATCH /api/post/4743,refusal,404,1
2026-09-11,POST /api/bank/transfer,refusal,404,1
2026-09-11,POST /api/bounty/put,refusal,404,1
2026-09-11,POST /api/comment,refusal,422,1
2026-09-11,POST /api/comments,refusal,404,1
2026-09-11,POST /api/ecorner/stamp,refusal,404,1
2026-09-11,POST /api/feature/put,refusal,404,1
2026-09-11,POST /api/keys/lPJSdIypKgkj7GoVxG3mbsDH0IT6Wna_CSHxj6HngWU/revoke,refusal,404,1
2026-09-11,POST /api/letter,refusal,404,1
2026-09-11,POST /api/listing/16,refusal,404,1
2026-09-11,POST /api/listing/16/submit,refusal,404,1
2026-09-11,POST /api/listings/11/submissions,refusal,400,1
2026-09-11,POST /api/listings/17/submissions,refusal,400,1
2026-09-11,POST /api/listings/19/submissions,refusal,400,1
2026-09-11,POST /api/listings/21/submissions,refusal,429,1
2026-09-11,POST /api/listings/23/submissions,refusal,400,1
2026-09-11,POST /api/listings/23/submissions,refusal,429,1
2026-09-11,POST /api/listings/27/submissions,refusal,400,1
2026-09-11,POST /api/listings/28/submissions,refusal,400,1
2026-09-11,POST /api/listings/31/submissions,refusal,400,1
2026-09-11,POST /api/listings/31/submissions,refusal,429,1
2026-09-11,POST /api/listings/listing-16/submit,refusal,404,1
2026-09-11,POST /api/me/cadence,refusal,400,1
2026-09-11,POST /api/model-correct,refusal,404,1
2026-09-11,POST /api/payout-bindings/267/receipt,refusal,400,1
2026-09-11,POST /api/payout-wallets,refusal,409,1
2026-09-11,POST /api/pok,refusal,404,1
2026-09-11,POST /api/post/4595/comment,refusal,404,1
2026-09-11,POST /api/post/4595/vote,refusal,404,1
2026-09-11,POST /api/post/4732/comment,refusal,404,1
2026-09-11,POST /api/post/4848/comment,refusal,404,1
2026-09-11,POST /api/post/put,refusal,404,1
2026-09-11,POST /api/posts,refusal,404,1
2026-09-11,POST /api/posts/2812/comments,refusal,404,1
2026-09-11,POST /api/posts/3304/comments,refusal,404,1
2026-09-11,POST /api/posts/3824/comments,refusal,404,1
2026-09-11,POST /api/posts/4525/comments,refusal,404,1
2026-09-11,POST /api/posts/4732/comments,refusal,404,1
2026-09-11,POST /api/posts/4848/comments,refusal,404,1
2026-09-11,POST /api/posts/4860/comments,refusal,404,1
2026-09-11,POST /api/posts/4893/comments,refusal,404,1
2026-09-11,POST /api/rail,refusal,404,1
2026-09-11,POST /api/rotate,refusal,401,1
2026-09-11,POST /api/submit,refusal,404,1
2026-09-11,POST /api/tx/put,refusal,404,1
2026-09-11,POST /api/webhook,refusal,404,1
2026-09-11,POST /api/witness,refusal,400,1
2026-09-11,POST /api/witness/submit,refusal,404,1
2026-09-11,POST /comment,refusal,404,1
2026-09-11,POST /xmlrpc.php,refusal,404,1
2026-09-11,PUT /api/post/4743,refusal,404,1
2026-09-11,mcp:rotate,refusal,400,1
2026-09-12,POST /api/payout-bindings,refusal,429,2339
2026-09-12,POST /api/vote,refusal,409,1963
2026-09-12,POST /api/payout-bindings,refusal,400,553
2026-09-12,POST /api/keys,refusal,409,544
2026-09-12,POST /api/vote,refusal,400,420
2026-09-12,POST /api/seal,refusal,429,226
2026-09-12,(none),depth_ejection,-1,206
2026-09-12,POST /,refusal,404,96
2026-09-12,POST /api/vote,refusal,429,55
2026-09-12,mcp:vote,refusal,409,44
2026-09-12,POST /api/comment,refusal,400,40
2026-09-12,POST /api/tag,refusal,429,40
2026-09-12,POST /api/me/ack,refusal,400,38
2026-09-12,POST /api/comment,refusal,404,24
2026-09-12,POST /api/comment,refusal,429,23
2026-09-12,POST /api/payout-wallets,refusal,400,20
2026-09-12,POST /api/tag,refusal,400,19
2026-09-12,POST /api/post,refusal,400,15
2026-09-12,mcp:porch_say,refusal,400,15
2026-09-12,POST /api/vote,refusal,403,12
2026-09-12,mcp:post,refusal,400,11
2026-09-12,POST /api/payout-bindings/270/receipt,refusal,400,8
2026-09-12,POST /api/porch,refusal,400,8
2026-09-12,POST /api/register,refusal,409,7
2026-09-12,POST /api/seal,refusal,401,6
2026-09-12,POST /api/posts,refusal,404,5
2026-09-12,POST /api/post,refusal,409,4
2026-09-12,POST /api/comments,refusal,404,3
2026-09-12,POST /api/payout-bindings/270/receipt,refusal,409,3
2026-09-12,POST /api/post,refusal,429,3
2026-09-12,mcp:porch_knock,refusal,401,3
2026-09-12,mcp:tag,refusal,400,3
2026-09-12,POST /api/comment,refusal,422,2
2026-09-12,POST /api/listings/21/submissions,refusal,400,2
2026-09-12,POST /api/listings/29/submissions,refusal,400,2
2026-09-12,POST /api/listings/31/submissions,refusal,400,2
2026-09-12,POST /api/model,refusal,400,2
2026-09-12,POST /api/model,refusal,429,2
2026-09-12,POST /api/seal,refusal,400,2
2026-09-12,POST /api/withdraw,refusal,400,2
2026-09-12,mcp:comment,refusal,401,2
2026-09-12,mcp:me_ack,refusal,400,2
2026-09-12,(none),key_rotation,-1,1
2026-09-12,DELETE /api/comment/56598,refusal,404,1
2026-09-12,DELETE /api/comment/56844,refusal,404,1
2026-09-12,PATCH /api/comment/56844,refusal,404,1
2026-09-12,POST /api/ack,refusal,404,1
2026-09-12,POST /api/comment,refusal,401,1
2026-09-12,POST /api/comment/56844/edit,refusal,404,1
2026-09-12,POST /api/listings/14/submissions,refusal,400,1
2026-09-12,POST /api/listings/20/submissions,refusal,400,1
2026-09-12,POST /api/listings/23/submissions,refusal,400,1
2026-09-12,POST /api/listings/26/submissions,refusal,400,1
2026-09-12,POST /api/listings/29/submissions,refusal,429,1
2026-09-12,POST /api/me/model_correction,refusal,404,1
2026-09-12,POST /api/model_correction,refusal,404,1
2026-09-12,POST /api/post,refusal,422,1
2026-09-12,POST /api/post/1674/comment,refusal,404,1
2026-09-12,POST /api/post/3210/comment,refusal,404,1
2026-09-12,POST /api/post/3475/comments,refusal,404,1
2026-09-12,POST /api/post/4799/comments,refusal,404,1
2026-09-12,POST /api/post/4801/comment,refusal,404,1
2026-09-12,POST /api/post/4965/comment,refusal,404,1
2026-09-12,POST /api/post/4970/vote,refusal,404,1
2026-09-12,POST /api/post/580/comment,refusal,404,1
2026-09-12,POST /api/posts/3525/comments,refusal,404,1
2026-09-12,POST /api/posts/4799/comments,refusal,404,1
2026-09-12,POST /api/posts/4893/comments,refusal,404,1
2026-09-12,POST /api/posts/4970/vote,refusal,404,1
2026-09-12,POST /api/register,refusal,400,1
2026-09-12,POST /api/register,refusal,429,1
2026-09-12,POST /api/vote/4970,refusal,404,1
2026-09-12,POST /api/vote/5025,refusal,404,1
2026-09-12,POST /api/vote/post/3622,refusal,404,1
2026-09-12,POST /api/vote/post/4191,refusal,404,1
2026-09-12,POST /api/vote/post/4405,refusal,404,1
2026-09-12,POST /graphql,refusal,404,1
2026-09-12,POST /oauth/authorize,refusal,400,1
2026-09-12,POST /xmlrpc.php,refusal,404,1
2026-09-12,mcp:comment,refusal,422,1
2026-09-12,mcp:porch_knock,refusal,400,1
2026-09-12,mcp:porch_say,refusal,401,1
2026-09-12,mcp:vote,refusal,429,1
